"id","t","y"
1,0.128115471452475,1.3046684684449
1,0.304786735214293,0.0637961101952646
1,0.466278046602383,-0.67316217573495
1,0.51052990113385,-0.478231256756728
1,0.732255441369489,-0.29796442724477
1,0.74476381810382,-0.491369072477914
2,0.00929901050403714,2.67356399086024
2,0.186374698532745,4.74114526448333
2,0.22137945657596,4.86452387897153
2,0.398552096448839,6.21383258923009
2,0.55622059199959,5.33086653432497
2,0.588979009073228,5.45389859329144
2,0.856949679320678,1.67339575259838
2,0.859950579004362,1.874228355186
3,0.0951077002100646,0.963929252118391
3,0.237390307011083,-1.08365748235044
3,0.373134893598035,-1.81623853021739
3,0.67895610560663,-2.82399661044768
3,0.960401235613972,0.0918286460933339
4,0.342288506217301,0.118393338575638
4,0.710312667069957,1.58708351102726
4,0.792367016896605,2.66403488160438
4,0.831900649471208,2.72403060831252
5,0.18132939003408,0.25538079865515
5,0.520642063813284,0.379962304951794
5,0.839768211357296,1.06671667593359
5,0.913687227992341,0.728945029891104
5,0.96397862653248,1.02714695801
6,0.361289626453072,6.9600902425279
6,0.424459769623354,7.68934621299846
6,0.516296454938129,7.60732105201748
6,0.830061929300427,3.843354426643
6,0.850788360694423,3.65681245051098
6,0.86131144920364,3.74426055653956
7,0.174493033904582,2.10559373762476
7,0.279886475764215,1.7656740764396
7,0.322233771206811,0.990490654456863
7,0.456781074171886,0.662811855972146
7,0.73706889222376,-0.74962232095355
8,0.118054124061018,0.370837012547383
8,0.233434630092233,0.267341375793477
8,0.259885121602565,0.0229854923048292
8,0.373101418837905,0.0669445672166248
8,0.463397484272718,-0.104265698733962
8,0.662727404851466,0.0746295373017253
8,0.749945637304336,0.593594447691602
8,0.826754175359383,0.61762715132451
9,0.269040151732042,-2.27300724996613
9,0.348055877024308,-2.35166323265321
9,0.359390716301277,-2.94327140286517
9,0.656709363451228,-1.70176250134157
9,0.991513766115531,2.31448381310681
10,0.014288242906332,-1.71157404702262
10,0.140645111678168,-2.77189462303896
10,0.376744370674714,-4.17820070542857
10,0.481463322183117,-3.92446555026404
10,0.750729636289179,-0.436714993983092
11,0.369640750810504,0.20726069895378
11,0.384658221853897,0.686518628092994
11,0.481330687180161,-0.121297661090711
11,0.898050466086715,-0.356191546425626
11,0.98719916632399,0.747579687253823
12,0.257011210313067,-1.99245521634801
12,0.462299057282507,-1.0568445336835
12,0.645188023103401,0.691910030876285
12,0.769631429575384,1.64520306928535
12,0.813546868506819,1.99634123465501
13,0.0192125076428056,-1.7394008052302
13,0.164953011320904,-3.056245909781
13,0.380949857411906,-3.90070534523203
13,0.4418417615816,-3.65943219930785
13,0.529001727234572,-3.11321622313814
13,0.737626563757658,-0.966490107609461
13,0.749951344914734,-0.301425959979335
13,0.818308554822579,0.654440095134691
14,0.282412150874734,2.97507747465314
14,0.723007717169821,2.42970834504684
14,0.865643524099141,1.01163577815947
14,0.980443022679538,0.620963397745537
15,0.0426953216083348,-3.98706232746886
15,0.070259370142594,-3.82436407838542
15,0.54304465977475,4.48082154353239
15,0.731167837977409,6.34625284669129
16,0.0250043051782995,0.931906493749944
16,0.145559369819239,1.36584990146513
16,0.528579647187144,1.76623003117425
16,0.687460986897349,1.46712561977918
16,0.706891351845115,1.5754517895198
16,0.840221577323973,1.33240248818139
17,0.257951309671625,-1.51153698507357
17,0.384113837499171,-2.12029203433363
17,0.491838401881978,-2.03315293841458
17,0.664198429789394,-1.61939950210124
17,0.680899569997564,-1.42103534417172
17,0.686364062130451,-1.35603766821244
17,0.757434457307681,-0.594688178042654
18,0.0494600897654891,1.34916414339919
18,0.0980558996088803,0.859158012857013
18,0.29932721843943,0.425671373976648
18,0.530880120350048,-0.253845218020582
18,0.661018491024151,-0.734668746036491
18,0.671745583182201,-0.429556189145293
18,0.730295463232324,-0.646733396605161
19,0.029691974632442,1.52422232229315
19,0.360929556190968,1.31379466552228
19,0.400714087300003,1.1974124926131
19,0.408648849930614,1.51559508053001
19,0.509993640705943,0.845996280407973
19,0.63451076974161,0.37653319697194
19,0.765874336939305,0.353825162319318
19,0.779345670714974,0.295552178212194
20,0.00839832541532815,1.68831374428231
20,0.263602736173198,2.3673353860129
20,0.403026458574459,2.28379975681821
20,0.652338155079633,1.41913800339072
20,0.845485441153869,0.664532993908847
20,0.937615053495392,0.453053277725982
20,0.979880192549899,0.807269664955671
20,0.985628449823707,0.919854633457292
21,0.376868011197075,0.712368774311028
21,0.786468450678512,1.81071558800475
21,0.898012768244371,2.29122258333915
21,0.92399814305827,2.06943622409477
22,0.0439356421120465,0.261999090199152
22,0.137714656768367,-1.38742254155357
22,0.190150966634974,-2.04514235012753
22,0.406793855829164,-4.7860895685765
22,0.546682463493198,-4.87593945529481
22,0.591191386338323,-4.91924849124654
22,0.769617164740339,-3.104098564544
22,0.913511699065566,-0.927207747066777
23,0.0259073814377189,0.341135226319322
23,0.174221178283915,1.02617341556152
23,0.524270773399621,1.76696237970606
23,0.524648471036926,1.59998772561408
24,0.319021420553327,0.710263226996711
24,0.449122001649812,0.154310395574632
24,0.626973162870854,-0.557822445247171
24,0.703293377067894,-0.913873547815672
24,0.720854678656906,-1.13809990128514
25,0.0339455404318869,0.441798179762123
25,0.0512453024275601,0.23425584216805
25,0.154940234962851,0.966991687557458
25,0.324794016545638,1.75955022295071
25,0.422795002581552,2.34637597718443
25,0.619743592105806,2.58735492646234
26,0.01634048554115,0.569503909194894
26,0.232970797689632,2.67626608183665
26,0.537099167937413,3.2353007661297
26,0.710392344975844,2.92604789938365
26,0.727008755784482,3.27203959014845
27,0.00621337140910327,-1.0740306915536
27,0.044896382605657,-1.27086703360564
27,0.591894575860351,1.68598933424575
27,0.611771521158516,1.74061792292959
27,0.629865060327575,1.91470386534004
27,0.787922565592453,2.47868497977889
27,0.806486718356609,2.9928539893222
27,0.935604793019593,3.19961888327793
28,0.381128738867119,1.30269128967017
28,0.614023531787097,1.19034762101693
28,0.712653821101412,0.948009372461646
28,0.717429745476693,1.46722152950959
28,0.933125014649704,1.07435559976133
29,0.000705890823155642,0.0503811057729618
29,0.237010637531057,-0.142898450958435
29,0.346241599414498,-0.237774050151778
29,0.618484197184443,0.102007892337307
29,0.680653043556958,0.470940923530579
29,0.818133395630866,1.08509734130823
30,0.120694185374305,-0.54757163658952
30,0.14493492920883,-0.79100523026516
30,0.433838197262958,-0.54547539159473
30,0.644910990493372,0.318059151743124
31,0.082693230593577,-0.61863721912943
31,0.164744760841131,-2.13346018524004
31,0.164917687419802,-2.14826691525683
31,0.602428297745064,-5.15301096049286
31,0.723067194456235,-3.70252755434711
31,0.896344759967178,-1.18004360700625
31,0.906100583029911,-0.859799190912888
32,0.133634380763397,0.571578938519602
32,0.232164304004982,0.871466948912617
32,0.355088159907609,1.5442345167028
32,0.593315301230177,2.77932337883191
32,0.827834324911237,2.94159743118641
33,0.065410889685154,1.20849885440779
33,0.119539099745452,0.973330867637215
33,0.601844697725028,-0.994990754297449
33,0.800643369089812,-0.711077932937887
33,0.935010684188455,0.0859608506405074
34,0.0896130106411874,0.151650790768595
34,0.283692016964778,-0.023517675875697
34,0.911972895730287,1.9661700161906
34,0.996030086651444,2.2941433111317
35,0.0151243412401527,-0.0819997523688073
35,0.0564316771924496,0.0130906106273645
35,0.21183966845274,-0.244883564274722
35,0.517542929854244,-0.515009436935965
35,0.676568173570558,-0.0903421214570706
35,0.727693262277171,0.431644483884205
35,0.860756380949169,1.05202210273663
36,0.297478278400376,0.65464654483114
36,0.361824796767905,2.03224302234638
36,0.827008908381686,5.28055348672334
36,0.893102968577296,5.09255461706446
36,0.990946059115231,4.87836766462891
37,0.284097611904144,4.39425010448777
37,0.331956469221041,4.67060695911397
37,0.585888241184875,5.54275930692165
37,0.714370304020122,4.94144557976167
38,0.134338974487036,0.747433410032094
38,0.483677810290828,2.27994465324772
38,0.563765280414373,1.93176496656663
38,0.715618038317189,1.71248726796198
38,0.755284142214805,1.68612457389144
38,0.801444287411869,1.35863429967927
38,0.845068055205047,1.9212819289761
38,0.902108516078442,1.8189874174061
39,0.0139515693299472,-0.904407333892849
39,0.228277610847726,1.94253035090039
39,0.246016277931631,1.88235379264218
39,0.541508637368679,3.65565131500005
39,0.667380946921185,4.15419958869118
39,0.964453804772347,2.92231961884486
40,0.00846627494320273,0.143087727248298
40,0.135170473484322,-0.981483349723067
40,0.378260252065957,-3.15811980911119
40,0.427962057758123,-3.28285045953596
40,0.511853020871058,-3.44633446319863
40,0.514954483835027,-3.3674851538474
40,0.518656610278413,-3.44895366357232
40,0.745874833781272,-1.45201536007377
41,0.00843300693668425,1.5817398107976
41,0.220886906143278,-0.820896598651168
41,0.31591771543026,-1.69272998431155
41,0.409768094774336,-2.52195496861699
41,0.488334975438192,-2.83330599219921
41,0.930989287327975,-0.041143224152781
41,0.977669662097469,0.0832982505567504
41,0.993347895564511,0.402493388873071
42,0.00714759132824838,-0.716052390321927
42,0.32764170342125,-1.56357497652524
42,0.654226634884253,-0.431800968604605
42,0.677960879867896,-0.133617907331333
42,0.83716173353605,1.56186445228222
42,0.940434860996902,1.96829756298838
43,0.0764087897259742,0.473486554903553
43,0.22817788971588,1.21075671611354
43,0.23629900207743,0.982154466363419
43,0.295053462730721,1.44894935371059
43,0.477049051085487,1.5553446908021
43,0.63810871518217,1.57525198687979
43,0.950998078333214,1.50654999060737
44,0.00555940787307918,-1.00069203888923
44,0.208517353748903,2.57084768430394
44,0.64386550989002,6.70124086044285
44,0.691964467056096,6.50078614197111
45,0.0213708642404526,1.08821153210859
45,0.165676901116967,-1.11266330655504
45,0.21299992268905,-1.64077650333034
45,0.333548748167232,-2.46463238515127
45,0.356945068109781,-2.70421579727311
45,0.517009808449075,-3.21857215762846
45,0.534633279312402,-3.52775290362047
46,0.232208571396768,-0.536147263331733
46,0.35484350961633,-0.704678609017691
46,0.516747044865042,-0.474416030547462
46,0.520510409260169,-0.305038010608287
46,0.52518730936572,-0.496274497857817
46,0.939163898816332,1.45470003456898
47,0.149856364820153,1.53734310535283
47,0.243605349212885,1.0047637864928
47,0.299599134596065,1.34586605018838
47,0.57013493264094,1.0777709893403
47,0.57179966988042,0.961285750453176
47,0.635022687725723,0.691087621708235
47,0.767029362730682,0.449663715966093
47,0.839608639478683,0.93780574463653
48,0.20404407964088,-2.29390159827556
48,0.244424720993266,-1.87093916302065
48,0.508036076789722,0.87886099558337
48,0.533792324829847,0.833744180500105
48,0.640287213493139,1.86443958979249
48,0.654485163511708,2.34820351117934
49,0.126300854142755,-1.36282387809843
49,0.167172170942649,-0.852311139585801
49,0.423873417777941,0.966468911290967
49,0.575690620113164,2.41244675564244
49,0.775902782799676,3.48155839024203
49,0.908220537705347,3.64344385546401
50,0.0137191605754197,-1.85003636325927
50,0.385279087815434,-1.42607281650589
50,0.467791429255158,-1.21333181846006
50,0.593319775070995,0.393274938123917
50,0.913479559123516,3.43114483196235
51,0.0559440669603646,0.357645349541286
51,0.53519326960668,-0.467800975836644
51,0.585518365493044,-0.684266893509816
51,0.604825092013925,-0.160022459260536
51,0.701775720110163,-0.219359101073399
51,0.781834522029385,0.310571850219866
51,0.808269707253203,0.486865689150468
51,0.838190737646073,1.06094057026234
52,0.150886563817039,2.28026112155574
52,0.202699585119262,2.89370099710894
52,0.212053733412176,2.99069672782614
52,0.27065467950888,3.13615070426563
52,0.316129045793787,3.10626779084557
52,0.557899110019207,2.82423766641694
52,0.706179246772081,2.37503501386152
53,0.173732115654275,-0.539118559087318
53,0.377468346152455,-2.45759138696339
53,0.420614295173436,-3.01533304192025
53,0.658474832773209,-3.0681045542214
54,0.177171351853758,2.53459218429327
54,0.296830877894536,3.99125836917277
54,0.518025540513918,5.13951128919296
54,0.706929514883086,4.81030880651407
54,0.912021111464128,3.2926705201034
55,0.0697716097347438,-0.434633289535366
55,0.173640941269696,1.52220035526491
55,0.562182801309973,5.64300648357098
55,0.601512392051518,5.69735623584836
55,0.602835453115404,6.08488576563247
55,0.80830250470899,5.55378423584297
55,0.947737531736493,4.11110287039928
56,0.147480501793325,1.16337943163868
56,0.416874238755554,5.35174332306101
56,0.547913277288899,6.53735646478453
56,0.71271001920104,6.5538531432774
56,0.790774651803076,6.00271172225742
56,0.793680103961378,5.57987613224552
56,0.811623374000192,6.15240720041788
57,0.0813069569412619,-0.283230606475943
57,0.412588119274005,1.96000118973757
57,0.4826127323322,2.54075896359887
57,0.551999747054651,2.66638457810033
57,0.560819528298452,2.76003009118337
57,0.920908313943073,2.5976944280131
57,0.964056889293715,2.75853239950979
57,0.979792951839045,3.11916800024063
58,0.00044610514305532,0.252835414048081
58,0.148132106987759,0.917062479437189
58,0.167938277358189,0.580881694394175
58,0.203564798925072,0.837392646408426
58,0.383562681730837,1.27298203669941
58,0.480090626981109,1.41986677008405
59,0.0858550192788243,-0.768630716984002
59,0.261984231648967,-0.875385712004752
59,0.533176305005327,-0.666568426350038
59,0.535686087794602,-0.555254270260368
59,0.690601330483332,0.0104051675340035
59,0.744565377244726,0.389402384257278
59,0.942516436800361,2.05217688426262
60,9.02691390365362e-05,-4.37243275215271
60,0.0390838207677007,-4.1544671281351
60,0.361473834142089,-1.41302468000947
60,0.526324392529204,1.37165688228405
60,0.563977231038734,1.4819226081602
60,0.681754034478217,3.38515194868834
60,0.909027348505333,6.17937800611067
60,0.925553366774693,5.98582678664417
61,0.0607209983281791,-0.624800485266123
61,0.162315058289096,0.0928489345058138
61,0.350687491940334,1.38703294991494
61,0.458994198124856,1.77496443619119
61,0.984270558459684,2.95343304769842
62,0.118036368628964,0.53100891838813
62,0.130572624970227,0.849216754884193
62,0.22753814747557,1.65092839568744
62,0.402614620747045,2.68482347215393
62,0.956572690745816,2.14963055491572
62,0.995095389895141,2.34303369288904
63,0.0809142857324332,-0.133252810345257
63,0.227672645589337,-1.63573047433353
63,0.67103639501147,-2.22067469386917
63,0.764392253942788,-1.8700174516564
63,0.839559363899752,-0.684477280828087
63,0.843413257272914,-0.449001077326705
63,0.940413548378274,0.538089909268225
63,0.988062626216561,0.894725762416981
64,0.0177003082353622,0.870879731691671
64,0.389165355823934,2.83318023512721
64,0.438987996429205,3.05958290214709
64,0.530457833781838,2.83665764275375
64,0.596964893164113,3.1937562350602
64,0.60173970181495,2.60628558491162
64,0.611629753140733,3.09218179030957
64,0.668458865955472,2.80038631867395
65,0.00508769531734288,-0.313006098976104
65,0.0293486807495356,-0.487077463028753
65,0.184931176016107,-0.0606003155851285
65,0.716144070727751,1.86335679142184
65,0.930694006150588,2.27663332685445
66,0.423658504616469,2.39645997666275
66,0.43332663923502,2.51741447158396
66,0.655092064058408,2.34586423111864
66,0.732906458666548,2.24530506476728
66,0.847633065655828,1.90936445692132
67,0.0961121493019164,-0.244949666484238
67,0.182312788674608,-1.44549672341641
67,0.229267274960876,-1.62960527806306
67,0.240402320632711,-2.43575392670909
67,0.716658603865653,-3.56478134057568
67,0.854801873676479,-1.74993457619762
67,0.972876447252929,0.479726920484122
68,0.128364639589563,-0.819537995300844
68,0.397370444377884,-1.76497585844145
68,0.436097244266421,-1.60569515631419
68,0.583837830461562,-0.751077633699658
68,0.792159929173067,0.630759240365106
68,0.819795302115381,0.508798653649317
69,0.00380488811060786,-1.85655655127422
69,0.0103355122264475,-1.96079103092515
69,0.0291112242266536,-1.76857921954731
69,0.337883059633896,-2.34619191251783
69,0.408395119011402,-1.96908211398552
69,0.486180390696973,-1.59992791774662
69,0.550447217188776,-1.20512803653562
69,0.668833010364324,0.269238429887257
70,0.157262063352391,1.67057364205937
70,0.235349685652182,2.43521119142874
70,0.397013347828761,3.35346493064065
70,0.659055642550811,2.63629283120953
70,0.894009434618056,1.80067000354027
71,0.0398005470633507,0.132847169670613
71,0.103926364798099,0.0481647810458503
71,0.208825490437448,-0.73800931349836
71,0.694523550802842,-1.04554772916704
71,0.92111680121161,0.939388280433919
72,0.0634084749035537,-2.51611921418546
72,0.256472874665633,-2.21686701106049
72,0.38496116315946,-1.70935573196731
72,0.53810260607861,-0.447811149769543
72,0.699153411202133,0.822007124767032
73,0.270329576916993,1.1445183269716
73,0.398043757770211,1.17878307423976
73,0.489196579903364,1.40254639524055
73,0.904471400659531,1.82589708568291
74,0.0470192178618163,-0.99152044487791
74,0.486536184092984,3.79418637415498
74,0.633926924318075,4.54649165941288
74,0.840314764529467,4.64901286420195
74,0.982373571489006,3.56723810622749
75,0.0304724953602999,1.287672993676
75,0.252236145082861,3.70981203757819
75,0.264061161782593,3.71223870108695
75,0.314028865192086,4.31560791155425
75,0.556884080870077,4.39120672039093
75,0.878978873137385,2.62363369650016
76,0.112571862991899,0.898302986600998
76,0.176233466248959,1.88372804543205
76,0.17816136428155,1.57242812025611
76,0.178832531906664,1.65087827539712
76,0.337177475681528,2.22404000699793
76,0.454279060708359,2.85177913397365
76,0.724343290319666,2.36951001465252
76,0.727395812748,2.31164347469715
77,0.231350414920598,-0.164499129122389
77,0.372108930023387,0.91656093779775
77,0.619918931275606,3.16631942013116
77,0.825337240705267,4.21566068619179
78,0.101070565870032,3.77299822101626
78,0.106080072699115,4.12897202560797
78,0.337540582753718,6.81093093266775
78,0.501481279497966,7.4064084892653
78,0.536251273006201,7.07835425276784
78,0.691331394482404,5.53785076015828
78,0.732262251200154,4.7617450301423
78,0.843799557071179,2.85451390188977
79,0.160935872001573,0.0918166562541243
79,0.361949748592451,0.903161363883278
79,0.43992200656794,1.35879890333404
79,0.670644953614101,1.80177714732257
79,0.900198828661814,2.26889834546041
80,0.194820803357288,1.31092105218861
80,0.349570954218507,-0.364560854046283
80,0.447847397066653,-1.38038285042247
80,0.762496751267463,-2.23055975536609
80,0.840958256740123,-2.42923897953083
81,0.0787721371743828,0.627742725429752
81,0.231467003468424,0.864411324001834
81,0.72907009255141,1.85298854924598
81,0.831855927361175,1.51858274860678
81,0.860079096397385,1.66676168847414
81,0.865451698657125,1.91430152150448
82,0.284700190881267,-2.28804059875071
82,0.384777026483789,-1.42936096925297
82,0.609953186940402,0.939443015155056
82,0.827226277673617,3.51419935487174
82,0.908384349895641,4.18136706089556
82,0.961299692280591,4.53701187153666
82,0.96519219991751,4.91346988682686
83,0.258312164340168,0.312893286927507
83,0.580240458482876,0.567085990927226
83,0.644959812983871,0.554867363405785
83,0.854504480026662,1.61800826508089
84,0.0583192619960755,0.297229705379221
84,0.138269639806822,-0.917922252603176
84,0.382650164654478,-2.81805746789843
84,0.466411168687046,-3.25884361604003
84,0.697259326698259,-2.32634709747778
84,0.896731187356636,-0.308767891485417
84,0.979066941421479,0.858238045828979
85,0.0345402488019317,-1.85022312776518
85,0.333605653140694,-0.904042274565874
85,0.566443169256672,0.807398214683103
85,0.637611968675628,1.59197007321581
85,0.699065572116524,1.96688761989144
85,0.743387267226353,2.7546423950963
86,0.0564833893440664,0.406631127537673
86,0.41476208390668,4.01944298362792
86,0.670821268111467,4.63687518511079
86,0.720992450835183,4.54273440288431
86,0.726841691415757,4.54653109306067
86,0.923431087750942,2.98832230832862
87,0.0346482999157161,-2.97382422434688
87,0.0643371241167188,-3.10266754668991
87,0.418009818531573,1.46351900630882
87,0.521911645075306,2.80997875721952
87,0.891774293035269,5.0841881019134
88,0.0732245619874448,0.201666962910612
88,0.164556749630719,0.75988150585502
88,0.233638649340719,0.826776520762774
88,0.256938096368685,0.520321105564146
88,0.550999124767259,0.897913447999437
88,0.629628350725397,0.915102129510317
88,0.858114085858688,1.19036351729478
88,0.972671973751858,1.45248813003333
89,0.0133148950990289,-1.18012844369178
89,0.0982033968903124,-1.659414975918
89,0.163022920256481,-3.31646540236157
89,0.250275536207482,-3.87891297167807
89,0.701521600596607,-3.29491941378788
89,0.826520740054548,-1.08382140576708
89,0.921350135700777,0.773307027007358
89,0.948609929997474,1.29324043361612
90,0.0946440515108407,1.66798690128775
90,0.73483708454296,1.51188909922477
90,0.739575387211516,0.994795854909031
90,0.787028235616162,0.896304240964859
90,0.840225741965696,0.918422878912472
90,0.879705103114247,0.884570061474987
90,0.966268354328349,0.684135424818006
90,0.975050160195678,0.587674407309672
91,0.189878364093602,-3.38549367927824
91,0.212814376689494,-4.01332882660181
91,0.276272649411112,-4.49656582036605
91,0.281248502898961,-4.52393665823729
91,0.546474230475724,-4.69516799629145
91,0.609408135293052,-4.02899926925294
91,0.745807021157816,-2.24452037431015
91,0.914014717331156,0.56333490545353
92,0.130823496729136,-0.532129819201254
92,0.19907884974964,0.14976968932431
92,0.307904527289793,1.95412964125434
92,0.349611506797373,2.25725673406714
92,0.4015006525442,3.08256490078533
92,0.884607814019546,5.37203821991282
92,0.890335708158091,5.06274924136073
93,0.0708164328243583,-0.0593741124048311
93,0.211951564997435,0.0595253731757917
93,0.353618790628389,0.75065982536835
93,0.44918258767575,0.353360992284849
93,0.530685028759763,0.667383545315158
93,0.685265796491876,1.49308478667167
93,0.938263007905334,2.13521618923554
94,0.0469951634295285,0.147378508755654
94,0.0907182220835239,0.366057679012878
94,0.106361347949132,0.741623187508614
94,0.492114747408777,2.00336026081534
94,0.567731863353401,2.09236929675881
94,0.939538392238319,1.78220614023737
95,0.231623200466856,1.22358786864064
95,0.577993881655857,-0.165389975874514
95,0.584160897647962,-0.159830236489962
95,0.663875976577401,-0.450854902026853
95,0.777829216560349,-0.722171410877554
96,0.320089483633637,-0.296346085393889
96,0.522555195959285,-0.919567507690025
96,0.625434575602412,-0.798970768808181
96,0.657988003222272,-0.931976558356128
96,0.96089862473309,0.90658133625356
97,0.21526420651935,2.7095557039758
97,0.474653362063691,1.7053585822988
97,0.629103078274056,0.862755320277756
97,0.663394385250285,0.784155359510318
97,0.97027008025907,-0.125654766267301
98,0.070527967531234,2.14825625576707
98,0.224591619800776,2.00793584092899
98,0.32978049875237,1.9940141556464
98,0.909024639055133,-0.169170711436248
99,0.377473296364769,4.90392827711414
99,0.520266005303711,4.67399503655474
99,0.532425999175757,4.69757008924274
99,0.687893575523049,3.47258728446287
99,0.731629343703389,3.20895971452333
99,0.814916756004095,1.99754928063274
99,0.915763885015622,0.924783038276914
100,0.0393750886432827,0.774607160275425
100,0.335976920090616,3.02698898910242
100,0.354738068301231,3.04360971166024
100,0.697623388143256,3.09366866633264
101,0.0995408280286938,-0.85445171771688
101,0.319494340801612,-0.254890881954881
101,0.376488698180765,-0.244716296986922
101,0.427370335906744,0.206275077034663
101,0.445746036013588,-0.213273002897197
101,0.752815635642037,1.3560702716885
102,0.107768421061337,-3.09867044477443
102,0.160802648635581,-3.82465406184909
102,0.262694148346782,-4.60994256893027
102,0.401128180325031,-4.70916372986992
102,0.954985052812845,2.91476368802944
102,0.996841561980546,3.75892373236448
103,0.011617639567703,-0.997230588210865
103,0.297760997200385,4.23899015994899
103,0.353076467290521,4.75885506383777
103,0.401619615033269,5.77535210697494
103,0.771442909957841,6.05205285007397
104,0.577757900347933,-1.51922755475544
104,0.711503807222471,-0.0541467831804237
104,0.869925806997344,2.41781220126689
104,0.875149226281792,2.27254448665879
105,0.640373026020825,-1.5263148373485
105,0.67101573292166,-0.918260307355157
105,0.825176124460995,0.840772236818858
105,0.91409386601299,1.72889189997948
106,0.284056721720845,-1.14559767998345
106,0.295057234354317,-1.15194491922107
106,0.525420188205317,0.207723924757767
106,0.601030614925548,0.635712961419121
106,0.66455951333046,0.829175929273278
106,0.739098815247416,1.53121231767331
106,0.744828444905579,1.58354988181769
106,0.809140524594113,2.10409329911977
107,0.0406026670243591,2.84067155908226
107,0.48032997129485,1.79905993243866
107,0.75145174888894,-0.479163275821004
107,0.888285779859871,-0.716064965863398
107,0.915198345435783,-0.767271667472644
108,0.234838167438284,-3.75672942415749
108,0.326480340911075,-4.47095039479235
108,0.485089474590495,-4.20227808552267
108,0.508777828188613,-3.96967888191953
108,0.751752840122208,-1.6358807534513
108,0.98948647081852,2.95672332743782
108,0.998741349671036,2.75243675458775
109,0.130870972760022,-1.22422652618482
109,0.292646134272218,-0.776978773491995
109,0.310660363873467,-1.02914892699698
109,0.351949999341741,-0.836308921297196
109,0.442658680258319,-0.268887929034807
109,0.539907604921609,0.514909045242796
109,0.667150099063292,1.6565546639992
109,0.880928348982707,3.00452673577925
110,0.0297347486484796,-0.362734624158244
110,0.174000271363184,0.677977917195788
110,0.178848506184295,0.977719641537071
110,0.828704897081479,3.57822950279116
110,0.860758055699989,3.68514251795651
110,0.889055797131732,3.27771386101872
110,0.923476911149919,3.29070444847019
110,0.957540557719767,2.69459803588665
111,0.0452184479217976,-1.01864483451303
111,0.264838851056993,-0.686474395770051
111,0.291342080803588,-0.87661715913154
111,0.354591946816072,-0.783290853326943
111,0.839371011592448,2.50970377972123
111,0.923210073495284,3.23162098893118
112,0.0168684099335223,0.575504974401191
112,0.231847004266456,0.574072447290933
112,0.284367308020592,0.634539446998559
112,0.690568322781473,0.314484932639363
112,0.759468944976106,0.492783222141152
112,0.791817705379799,1.03485817362075
112,0.878395718755201,0.779371283255349
112,0.926675470545888,1.29535705812509
113,0.0511976159177721,0.665113760715855
113,0.460162691539153,3.47786190283339
113,0.624686524271965,3.69198270532852
113,0.682697695214301,3.84419882284427
113,0.815268229926005,3.10889467595769
114,0.170268133981153,-0.936551997827365
114,0.291446513962001,-0.858267230733252
114,0.414840119890869,-1.34434580229612
114,0.641405705595389,-0.73612080903113
114,0.919331510784104,1.1148591672078
115,0.0458878423087299,0.105891175932945
115,0.254330264171585,-0.355728038699005
115,0.458775365026668,-0.639380749045644
115,0.781789105618373,0.126811804065084
116,0.0928101167082787,1.23015567613427
116,0.403985704295337,0.748692324068724
116,0.488914337474853,0.34710481195723
116,0.804601680254564,0.673617262448546
116,0.888707999838516,0.783707677709961
117,0.160694834776223,2.65261972857615
117,0.270956337219104,3.18262002664016
117,0.394411486573517,3.66183885803806
117,0.708392822882161,2.62807035937002
118,0.26570280152373,0.846045514630717
118,0.372539742151275,-0.0495673630944243
118,0.483169203624129,-0.957602167428275
118,0.767280806787312,-1.97738941626729
118,0.83796977205202,-1.61909652422783
118,0.857639239169657,-1.79386028790199
119,0.267257270636037,0.977899512252791
119,0.450233732815832,1.83910351524491
119,0.45593122811988,1.45213075059777
119,0.467912456253543,1.28982944064117
120,0.130222641630098,4.0520351270805
120,0.391797632677481,6.69087061169489
120,0.392297789687291,6.56394701670902
120,0.432739032898098,6.11199817249316
120,0.929362252354622,0.876355902294083
120,0.996830277144909,0.0398897109096233
