"t","mu","phi1","phi2"
9.0269139036536e-05,-0.447681126955313,-0.00839020153606921,-1.93773838946486
0.0200632907496766,-0.351290791705021,0.0959529288877703,-1.75128106637371
0.0400363123603167,-0.262492424564637,0.2026151257479,-1.57242756548466
0.0600093339709567,-0.181233943719185,0.309159362794927,-1.40474861148112
0.0799823555815968,-0.107284033683906,0.413449195104107,-1.25170466340331
0.0999553771922369,-0.0402268721055532,0.513715987398994,-1.11636184775536
0.119928398802877,0.0205351493899217,0.608602365282396,-1.00112261339801
0.139901420413517,0.0757716064550703,0.697188673950876,-0.907466222545124
0.159874442024157,0.126403709884224,0.779007937586096,-0.835702960753782
0.179847463634797,0.173465134972021,0.854047373699661,-0.784774239624765
0.199820485245437,0.218033928527793,0.922722680597358,-0.752168396701046
0.219793506856077,0.261131748885885,0.985802227497973,-0.734034404763516
0.239766528466717,0.303602475900853,1.04426303962635,-0.725531299979671
0.259739550077357,0.346000321063309,1.09908556842369,-0.72136304271285
0.279712571687998,0.38852465875871,1.1510301672025,-0.716370503483392
0.299685593298638,0.431028833177303,1.20046061906687,-0.706034200277069
0.319658614909278,0.473109408222337,1.24726999132516,-0.686796415655374
0.339631636519918,0.514262247100324,1.29092615348805,-0.656203989965552
0.359604658130558,0.554074388207371,1.33061013978037,-0.612937663948354
0.379577679741198,0.592402340026799,1.36538929505916,-0.556787851448536
0.399550701351838,0.629474269135068,1.39435951302377,-0.488579738054848
0.419523722962478,0.665864031439669,1.41671265572642,-0.410006652447542
0.439496744573118,0.702330413415808,1.43173093340055,-0.323349641846284
0.459469766183758,0.739575583671805,1.43875606923312,-0.231129281865064
0.479442787794398,0.778014537805659,1.43719916848922,-0.135788134601773
0.499415809405038,0.817639717129229,1.42663506037845,-0.0394885683006809
0.519388831015678,0.858021225986626,1.40697212299458,0.055959850719678
0.539361852626318,0.898431486441206,1.37863268553132,0.149098590066818
0.559334874236958,0.938045512695748,1.34265579237361,0.23881095320751
0.579307895847599,0.976163650675994,1.30066275476085,0.324329053582019
0.599280917458239,1.01241842068884,1.25468570371948,0.405243847206621
0.619253939068879,1.04694471368675,1.2069035210971,0.481514550171104
0.639226960679519,1.08048789472794,1.15933203992493,0.553497209102848
0.659199982290159,1.11440054303088,1.11349843399007,0.622001505824232
0.679173003900799,1.15046549687846,1.07013894448008,0.688335141900138
0.699146025511439,1.19052701646392,1.02900752779539,0.754240263253596
0.719119047122079,1.23602174674851,0.988914619725678,0.821628105038145
0.739092068732719,1.28759951112411,0.948046880469109,0.892131820953718
0.759065090343359,1.34499721848818,0.904459400706359,0.966664071675702
0.779038111953999,1.40717583293137,0.856522535403515,1.04520544300827
0.799011133564639,1.47259023553931,0.803158679338834,1.1268936630589
0.818984155175279,1.53944595531305,0.743855001597521,1.21029714204933
0.83895717678592,1.6058760192299,0.678542738829386,1.29370913933473
0.85893019839656,1.67005154289751,0.607440198909589,1.37537034281541
0.8789032200072,1.73027166457845,0.530912084177613,1.45360698439452
0.89887624161784,1.78506716105855,0.449357755232972,1.52690626497317
0.91884926322848,1.83332284231503,0.363124296344653,1.59395499733153
0.93882228483912,1.87439731648377,0.272439430515717,1.65366478977113
0.95879530644976,1.90820725063944,0.177362818644278,1.70520397625536
0.9787683280604,1.93524999077256,0.0777559384147951,1.74804919862449
0.99874134967104,1.95655759487231,-0.0267300349157734,1.78205738118978
