"day","St. Johns","Halifax","Sydney","Yarmouth","Charlottvl","Fredericton","Scheffervll","Arvida","Bagottville","Quebec","Sherbrooke","Montreal","Ottawa","Toronto","London","Thunder Bay","Winnipeg","The Pas","Churchill","Regina","Pr. Albert","Uranium City","Edmonton","Calgary","Kamloops","Vancouver","Victoria","Pr. George","Pr. Rupert","Whitehorse","Dawson","Yellowknife","Iqaluit","Inuvik","Resolute"
1,5.2,6,5.3,5.6,4.6,4,1.1,2.6,3,4.1,2.9,2.9,2.5,1.8,2.4,0.7,0.5,0.5,0.5,0.2,0.1,0.3,0.4,0.3,0.6,5.5,5.3,2.2,6,0.5,0.9,0.6,1.1,0.8,0.1
2,5.8,5.3,5.2,3.7,4.4,3.2,1.3,1.2,1.8,2.3,2.9,1.2,1.1,0.9,1.4,1.9,0.6,0.9,0.6,0.3,0.9,0.4,0.8,0.1,0.4,6.6,5.2,1.9,5,0.8,0.6,0.7,0.9,0.9,0.1
3,3.9,2.6,2.1,2.8,2.3,3.3,1.2,2.1,1.3,2.6,1.9,1.4,1.3,0.9,1.8,0.8,0.3,0.7,0.5,0.6,0.6,1.3,1.1,0.3,1.2,6.8,5.4,1.9,6.7,1.1,0.8,0.3,0.8,0.8,0
4,4.3,5.3,5,5.3,4.8,3.3,1.3,2.3,2.5,4.3,2.9,3.6,3.1,1.5,2.9,0.3,0.5,0.5,0.4,0.3,0.3,0.6,1.1,0.6,1.3,5.1,4.5,1.8,7.1,0.2,0.8,0.5,0.7,0.4,0.2
5,6.2,6,7.3,3.8,5.1,2.7,1,1.7,2.1,2.3,2.1,1.6,1.3,0.8,1.1,0.8,0.4,0.2,0.4,0.8,0.2,0.8,1,1,1.2,3.8,4.6,1.1,6.1,0.6,1,0.7,0.9,0.8,0.2
6,3.4,2.1,2.2,2.4,1.5,0.8,1.3,2,1.6,1.5,0.8,1.1,1.3,1,1.4,1.7,0.7,0.9,0.2,0.5,0.3,1.1,0.8,0.2,0.5,2.5,2.6,1.2,8.1,0.7,1,0.5,0.2,0.4,0.2
7,3.7,7.4,2.6,5.9,3,3.7,1,2.2,2.1,3.3,2.2,1.9,1.6,1.6,2.4,0.8,1,0.5,0.5,0.4,0.7,0.8,1.2,0.5,2,4.4,4.1,2.7,8,0.4,0.7,0.3,0.5,0.5,0.2
8,7.1,4,5.7,4.4,5.2,2.5,2.3,1.7,1.5,3,2.3,1.9,1.8,1.5,2.6,1.7,0.7,0.3,0.4,0.4,0.4,0.3,0.9,0.5,0.6,5.6,4.3,2,7.9,0.5,0.5,0.4,0.5,0.3,0.1
9,4.9,3.1,4.4,2.7,2.3,2.1,2.1,1.3,2.2,4.3,2.4,2.2,2.2,1.4,2.4,0.7,0.2,0.4,0.5,0.3,0.4,0.4,0.5,0.3,0.6,4.9,4.1,2.4,8,0.8,0.4,0.2,1.5,0.4,0.1
10,3.6,6.5,5.4,4.9,3.6,3.1,1.6,2.5,1.9,2.2,1.8,1,1.6,1.8,3.1,1.7,1.1,0.9,0.2,0.3,0.3,1.2,0.7,0.4,1.2,7.1,6.2,1.7,6,0.4,0.8,0.4,0.8,0.4,0
11,4.2,4.1,5.5,3.6,2.4,3.3,3,1.8,1.6,2.7,2.1,1.7,1.9,1.7,2.8,2.1,0.9,0.6,0.5,0.4,0.3,0.8,0.6,0.3,0.8,3.8,3.7,1.1,9.2,0.7,0.6,0.4,0.7,0.3,0
12,2.6,2.7,3.9,2.9,2.6,2.5,1,0.8,1.8,1.7,1.3,1.4,1,0.5,0.8,0.9,0.5,0.4,0.8,0.4,0.4,0.9,0.6,0.2,0.6,6.4,6.1,2.1,8.6,0.7,0.6,0.5,0.7,0.4,0.1
13,2.3,4.2,5.2,3.7,3.3,2,0.6,2.4,1.5,1.2,1.8,1.6,2,1.8,2.3,1,0.4,0.3,0.8,0.3,0.6,0.6,0.8,0.3,0.8,5.2,5.6,1.4,11.3,0.5,0.3,0.5,0.5,0.3,0.2
14,4.9,7.9,6.3,6.8,5.9,5.1,1.2,1.9,2.6,3.1,2.9,3.1,2.7,2.7,3.4,0.6,0.7,0.5,0.4,0.8,0.7,0.8,1.3,0.6,0.9,6.7,7.5,2.2,11.5,0.5,0.7,0.4,0.3,0.4,0.2
15,4.4,3.7,5.2,3.2,3.3,2.2,2.3,1,1.6,1.9,1.4,2.2,1.6,0.8,1.7,1.1,0.6,0.6,0.8,0.6,0.4,0.5,0.5,0.2,0.8,6.1,6.2,2.4,8.5,0.7,0.6,0.4,0.9,0.4,0.2
16,3.4,3.8,3.8,3.9,2.7,1.6,2.2,1.7,1.2,2,1.5,1.2,0.9,0.8,1.3,0.7,0.6,0.2,0.7,0.2,0.4,0.9,0.4,0.2,0.8,5,3.2,2.9,11.5,0.3,1,0.7,0.8,0.2,0.1
17,5.1,4,3.7,4.4,3.5,2.6,2.5,0.7,1.5,2,1.8,1.2,1.7,1.6,2.4,0.9,0.4,0.6,0.4,0.3,0.8,1.4,0.4,0.2,1,4.3,3.9,1,11.7,0.6,0.5,0.7,0.7,0.3,0.1
18,3.4,4.2,4,4.6,4.3,3.3,9.7,1.5,1.6,2.8,2.8,1.5,1.6,0.9,1.2,0.4,0.2,0.3,0.6,0.1,0.6,0.6,0.4,0.2,0.8,6.6,7.4,0.7,7.2,0.5,0.7,0.4,0.6,0.5,0.2
19,5.8,3.4,5,2.5,2.4,1,1.3,1.1,2,1.5,1.7,1.5,1.1,1.5,1.9,0.7,0.8,0.3,0.3,0.5,0.3,0.4,0.4,0.2,0.5,5.1,5.2,1.9,10.5,0.9,0.6,1,0.2,1.3,0.2
20,6.5,5.4,4.7,4.2,3.3,4.3,1.6,2.5,2.1,2.7,3.1,3.5,2,1.7,2.3,1.1,0.2,0.5,0.4,0.4,0.3,0.4,0.3,0.1,0.4,3.3,4,1.9,9.1,0.3,0.4,0.7,0.2,0.7,0.1
21,5.5,3.2,3.4,3.6,3.2,2.9,1.7,3.6,2.9,2.8,2.6,3,1.9,1,1.4,1.3,0.4,0.7,0.6,0.6,0.6,0.6,0.6,0.3,0.9,4,2.4,2.7,12.4,0.4,0.3,0.7,1,0.4,0.1
22,2.5,1.4,3.7,2.5,1.7,1.9,1.3,2.2,1.5,2.5,1.7,2.4,1.4,1,2.3,1.1,0.8,0.6,0.5,0.7,0.6,0.7,0.7,0.3,0.8,4.4,3.8,1.5,11.4,0.5,0.6,0.7,0.9,0.3,0
23,4.4,6.2,4.2,5.1,3.3,4,1.4,1.4,2.2,4.3,3.4,3.3,3,2.5,3.1,1.3,0.6,0.7,0.6,0.5,0.6,1.1,0.4,0.3,1.3,6.5,6.2,1.7,9,0.5,0.5,0.6,1.1,0.3,0.1
24,4,4.6,5.7,4.4,2.8,2.5,1.2,1.6,1.8,3.4,1.9,2.2,2.7,2.5,2.8,1.7,1.2,0.5,0.6,0.8,0.8,0.5,1.1,0.7,0.7,4.7,3.4,1.6,6.4,0.4,0.2,0.3,1,0.5,0.1
25,2.8,7.6,5,5.4,3.8,4.5,1.5,1.1,1.8,3.8,2.7,2.5,2.3,2,2.4,1.2,1.3,0.5,0.4,0.5,0.4,0.3,0.8,0.6,0.2,2.2,2.9,1,4.2,0.5,0.9,0.2,0.4,0.5,0.1
26,4.8,7.4,8.7,4.2,4.6,5.1,2.4,4.2,2.2,4.9,3.9,3.5,2.8,3.2,4.8,0.8,0.4,0.6,0.4,0.3,0.5,0.5,0.5,0.3,1.1,5.1,4.5,1.8,10.5,0.4,0.5,0.5,0.6,0.6,0.2
27,6.1,5.8,4.9,3.6,3.2,3.5,1.7,2.4,2.4,4.5,3.7,2.8,2.6,1.5,3.1,0.4,0.7,0.5,1.2,0.6,0.5,1,1,0.5,0.6,3.4,3.4,2.1,4.7,0.5,0.3,0.6,0.3,0.5,0.1
28,7.6,3.1,3.5,3.5,3,3.8,1.7,2.4,2.1,4.2,2.9,2.5,2.3,1.3,2.4,1,0.5,0.6,1,0.6,0.5,0.2,1,0.4,0.6,3.1,2.5,1.4,7,0.6,0.3,0.3,0.7,0.3,0.1
29,7.4,4.2,4.8,4.3,3,3,1.6,2.3,2,2.6,2.2,1,1.4,1.7,2.7,1,0.6,0.5,0.3,0.6,0.2,0.8,0.8,0.5,0.8,4.3,3.2,1.6,6.8,0.6,0.7,0.3,1,0.8,0.1
30,3.4,3.7,4.8,3.6,3.6,3.6,0.5,2.2,2.8,4.3,2.7,3.5,3.2,1.4,2.4,0.3,0.3,0.5,0.5,0.3,0.8,0.6,1.9,0.5,0.8,4.2,2.9,2,8.3,0.4,0.6,0.4,0.4,0.6,0.1
31,5,4.7,6.5,3.2,3.6,3.7,0.9,0.5,1.6,2.1,3.2,2.4,1.9,0.9,1.7,0.6,0.4,0.1,0.4,0.4,0.6,0.2,0.6,0.2,0.6,4.4,5,1.2,6.4,1,1,0.3,0.5,0.7,0.1
32,5.5,2.8,4.5,2.7,3.4,2.6,1.4,2.1,1.6,2.1,1.6,1.4,1.3,1.8,3.4,0.7,0.4,0.3,0.3,0.6,0.3,0.4,0.4,0.4,0.6,5.1,4.1,1.1,5.4,0.5,0.5,0.4,0.7,0.5,0
33,3.3,4.1,3.6,4.3,3.9,5.3,2,1.3,2.6,5.4,4.4,3.5,3.3,2.2,2.5,0.4,0.3,0.2,0.6,0.4,0.4,0.3,0.4,0.2,0.6,5.1,4.9,2.2,7.5,0.5,0.6,0.3,0.4,0.5,0.1
34,4.7,6.7,5.9,4.4,3.7,5.1,2.6,2.9,2.4,4.7,2.3,2.3,2.4,2.3,2.3,0.3,0.4,0.5,0.5,0.5,0.5,0.5,0.6,0.4,0.4,4.3,3.7,2.1,4.2,0.5,0.4,0.4,0.2,0.2,0.1
35,4.1,4.4,4.1,4.6,3.6,4.3,1.4,1.7,2.9,1.8,2.7,1.8,1.4,1,1.9,1.1,0.6,0.2,0.2,0.5,0.3,0.4,0.6,0.4,0.5,4.5,3.9,1.6,9.1,0.4,0.6,0.3,1.2,0.7,0.2
36,5,4.4,3.7,4.4,3.2,3.2,1.4,0.7,1.6,1.5,2.6,2.4,1.5,0.9,1.4,0.6,0.3,0.3,0.2,0.5,0.3,0.8,0.7,0.2,0.5,2.1,2.3,0.7,5.7,0.6,0.4,0.8,0.6,0.5,0.1
37,5.8,2.5,3.7,1.5,2.5,1.4,1.5,0.8,0.6,1.1,1.4,1.1,1.2,1,1,0.5,0.3,0.5,0.7,0.3,0.3,0.3,0.4,0.1,0.2,2.9,1.4,1,9.2,0.3,0.7,0.3,0.5,0.5,0.1
38,3.7,4.5,2.7,3.4,2.9,2.5,1.2,1.1,0.8,1.5,1.8,1.2,1.2,0.9,1.2,0.2,0.2,0.3,0.8,0.3,0.4,0.6,0.4,0.3,0.4,2.5,1.8,0.4,11.5,0.5,0.8,0.5,0.5,0.4,0.1
39,6.8,4.7,6.3,4.9,3.7,3,1.4,1.5,1.3,3,2.7,2.1,1.6,0.7,1.2,0.3,0.1,0.6,0.5,0.3,0.6,0.7,0.3,0.1,0.3,2.5,2.5,1.2,9.1,0.3,0.4,0.5,0.5,0.2,0
40,4.8,2.4,4.6,3,2.3,1.2,1.3,0.9,1.2,0.8,1,0.6,0.9,0.4,1.3,0.9,0.7,0.7,0.5,0.1,0.3,0.5,0.1,0.2,0.5,3.8,2.8,1.7,9.1,0.5,0.6,0.3,0.4,0.4,0.3
41,4.4,5.5,4.9,3.2,3.3,3,1.9,1.1,1.2,1.8,0.9,1.2,2.5,1.9,2.8,0.8,0.5,0.5,0.5,0.5,0.3,0.8,0.5,0.3,0.5,3.4,2.4,1.2,7.4,0.4,0.7,0.8,0.3,0.4,0.2
42,4.4,2.5,4.2,2.5,1.7,1,1.6,1,1.3,2.1,1.5,1.3,1.7,0.9,1.8,0.6,0.2,0.4,0.6,0.4,0.8,0.3,0.6,0.4,0.3,4.8,4.9,1.6,7.8,0.4,0.3,0.1,0.6,0.5,0
43,3.5,3.4,3.1,4.4,2.9,1.9,0.8,2,0.9,2.2,1.6,1.5,1.6,1.9,2,0.7,0.8,1.3,0.3,0.3,1.2,0.2,0.4,0.3,0.3,6.5,4.9,1.3,6.9,0.4,0.7,0.5,1.3,0.2,0
44,4.4,6.7,5.4,4.6,4.5,5,1.6,3.8,2.9,4.2,3.3,4.1,3.9,2.4,2.8,1.9,0.9,0.6,0.5,0.4,0.6,1.2,1,0.4,0.6,4.9,3.8,1.3,6,0.3,0.9,0.6,0.8,0.4,0
45,6.9,6.9,7.2,3,4,2.8,1.3,1.8,1.5,2,1.5,1.3,2,1.4,1.8,0.5,0.3,0.7,0.3,0.2,0.6,1,0.3,0.4,0.2,5.5,3,1.3,10.9,0.6,0.7,0.5,0.9,0.3,0.1
46,5.7,2.1,3.5,3.1,2.5,2.2,1.5,3.2,2.2,2.6,3.5,2.6,1.9,2.3,3.1,1,0.9,0.7,0.3,0.6,0.6,0.7,0.5,0.4,0.8,6.1,4.7,1.4,7,0.8,0.7,0.4,0.7,0.2,0.1
47,5.9,4.2,4.5,5.9,3.4,2.4,0.7,1.2,2,2.1,1.7,1.8,1.5,1,1.6,1.1,0.3,0.4,0.7,0.5,0.4,0.5,0.5,0.3,0.5,4.8,3.3,1.7,8.6,0.5,0.6,0.5,1.1,0.5,0.3
48,3.9,4.7,4.9,2.3,4.1,1.8,1.1,2.3,1.3,1.9,1.2,1,1.1,0.6,1.1,0.6,1,0.7,0.2,0.3,0.4,0.5,0.5,0.3,0.5,5.6,5.2,1.5,5.8,0.4,0.4,0.3,0.5,0.2,0.1
49,2.3,1.5,1,2.4,1.3,1,0.6,1.2,1.2,1.7,1.2,1.5,1.2,1.7,2,1.3,0.2,0.3,0.2,0.3,0.6,0.3,0.4,0.2,0.6,5.8,3.9,1.3,9.6,0.5,0.4,0.2,0.5,0.1,0.1
50,2.3,2.3,3.1,2.1,2.8,2.6,1,2.5,2.6,4.3,2.8,3.4,3,1.7,1.7,1.1,0.4,0.8,0.1,0.3,0.4,0.4,0.9,0.3,0.5,5.1,3.7,1.1,9.8,0.3,0.6,0.3,0.3,0.2,0
51,4.1,6.5,5.4,4.5,4.2,4,0.9,2.7,1.8,3.3,2.2,1.8,2.3,0.9,1,1.1,0.4,0.9,0.5,0.2,0.6,0.4,0.6,0.4,0.2,3.1,3.1,0.5,11.1,0.4,1,1,0.4,0.3,0.1
52,3.7,2.1,3.9,3.1,2.8,2.7,1.5,1.8,2.4,3.1,2.6,2,2.5,1.9,2.5,0.7,0.4,0.7,1.4,0.3,0.4,0.3,0.7,0.8,0.4,3.1,3,0.8,10,0.6,0.5,0.6,0.6,0.4,0
53,5.5,5,6.3,4.3,5,4.1,0.9,1.8,2.5,3.9,3.2,3.2,3.4,3,5,1.8,0.6,0.3,0.5,0.7,0.3,0.7,0.8,0.3,0.5,2.5,2.1,1,7.9,0.4,0.4,0.5,0.5,0.5,0.1
54,5.1,3.6,5.5,3.8,3,2.7,1.2,2.1,1.5,2.4,3.4,2.4,4.2,2.7,3.8,1.2,0.5,0.4,0.3,0.3,0.4,0.6,0.6,0.1,0.5,3.9,3.5,1.3,4.2,0.3,0.6,0.1,0.6,0.6,0.2
55,4,5.7,3.8,5.5,3.7,4.4,1,2.1,1.6,2.9,2.9,3.4,3.5,2.5,2.6,0.7,0.7,0.5,0.1,0.5,0.3,0.4,0.4,0.3,0.8,3.4,3.3,0.9,6.1,0.4,0.4,0.4,0.6,0.5,0.2
56,5.1,5.9,5.2,6.9,3.9,4,0.7,1,2.1,3.6,2.5,3,2.4,2.6,2.5,0.5,0.9,0.3,0.4,0.4,0.2,0.6,0.3,0.5,0.5,3.7,3.6,0.8,5.7,0.4,0.1,0.5,0.9,0.3,0.2
57,7.7,6.1,7.7,3.8,5.1,3.5,0.9,1.7,1.3,1.7,1.3,1.1,1,1.1,1.5,1.4,0.4,0.2,0.3,0.6,0.4,0.4,0.9,0.3,0.3,4.9,3.9,1.1,7.4,0.3,0.4,0.3,0.9,0.9,0.1
58,4.6,1.8,2.8,1,1.8,1.6,1.2,0.7,1.7,1.7,1.2,1.5,1.2,0.8,1.2,1.3,0.4,0.4,0.3,1.3,0.7,0.2,1.5,0.7,0.6,3.5,3.6,0.7,6.8,0.2,1,0.6,0.5,0.6,0.1
59,5.4,3.1,3,2.3,1.3,1.4,0.9,1.8,1.1,1.7,1.6,1.7,2.5,1.1,1.9,0.8,0.9,0.6,0.4,0.6,0.9,0.6,0.4,0.6,1,4.5,3.7,1.2,5.1,0.5,0.4,0.5,0.8,0.7,0.1
60,5.9,4.3,5.1,2.9,3.9,2.7,0.9,1.8,1.6,3,2.5,3,3.3,1.7,2.1,0.8,0.2,1,0.8,0.6,0.5,0.3,0.4,0.6,0.7,4,3.3,0.9,4,0.5,0.4,0.2,0.5,0.5,0.3
61,6.3,4.4,6.2,3.5,2.4,3.5,1.3,1,2.5,2,2.3,1.6,1.6,1.5,1.7,0.7,1,0.4,0.2,1.6,0.6,0.4,0.8,0.4,0.5,4.2,3,0.7,5.5,0.5,0.4,0.5,0.6,0.2,0.4
62,6.2,3.9,3.1,2,3.5,3.8,1.1,0.5,0.6,0.6,2,1,0.8,0.4,1.4,1.9,1.1,0.5,0.7,0.3,0.3,0.7,0.2,0.2,0.2,3.2,2.6,1.1,6,0.7,0.6,0.4,0.4,0.4,0.2
63,5,5.8,5.4,4.1,3.2,3,1.2,1.5,1.8,3.9,4.5,5.7,5.6,4.5,6,1.5,1.2,0.3,0.3,0.3,0.3,0.3,0.2,0.2,0.4,5.2,4.2,0.7,8.5,0.3,0.3,0.4,0.2,0.4,0.1
64,3.6,3,4.1,3.2,3.8,5.1,1.3,2.6,2.2,5.7,5.3,3.3,2.3,2.2,2.3,0.9,0.4,0.2,0.8,0.2,0.3,0.6,0.2,0.2,0.8,4.8,4.6,0.8,5,0.2,0.8,0.5,0.3,0.3,0.1
65,3.4,2.6,2.7,2.6,2.1,1.8,1,2.1,1.6,2.6,2,2.8,1.5,2,2.5,1,1.3,0.9,0.3,0.5,0.6,0.7,0.4,0.4,0.4,2.6,2.3,1.1,5.8,0.4,0.3,0.4,0.5,0.5,0.2
66,2.7,3.6,4.1,4.6,3.8,3.3,0.7,1.7,1.9,3.3,2.7,2.3,1.8,0.8,1.5,1.2,1.1,0.6,1.2,0.4,0.6,0.3,0.5,0.2,0.3,2.8,2.2,1.1,5.3,0.6,0.4,0.1,0.4,0.7,0.1
67,5.1,6.3,7.2,4.2,4,4.4,0.6,0.7,1.3,2,1.7,1.1,0.8,2.1,1.8,1,0.8,0.6,0.7,0.5,0.7,0.5,0.9,0.3,0.1,3.2,2.5,1.4,9.5,0.6,0.2,0.4,1,0.2,0.1
68,2.1,1.9,3,1.4,1.7,1.7,0.7,1.2,1,2.2,2.1,1.4,1.2,1.1,1.5,0.8,0.6,0.5,0.3,0.3,0.4,1,0.7,0.4,0.3,4.4,2,1.5,6.4,0.4,0.5,0.7,0.4,0.2,0
69,3,3.6,3,3.7,2.9,3.8,0.6,2.1,1.8,3.2,2.5,1.4,1.9,1.8,1.6,0.8,0.4,0.4,0.7,0.5,0.8,0.7,0.7,0.5,0.4,3.5,2.4,1.2,5,0.3,0.1,0.4,0.4,0.4,0
70,8.1,6.2,4.9,4.9,4,2.6,1.5,1.7,1.8,3.9,2.3,1.4,1.5,1.8,2.2,1.1,0.2,0.4,0.6,0.8,0.5,0.3,1.2,0.8,0.1,3.3,1.7,0.7,5.2,0.3,0.3,0.8,0.9,0.4,0.3
71,6.5,3.1,3.3,3.7,4.1,2.5,1.3,1.9,1.3,2,2.7,2.7,3.6,2.5,3,2.7,1.2,1,0.6,1.1,0.6,0.8,0.3,0.3,0.5,4.5,2.2,0.9,6.1,0.2,0.5,0.4,1,0.7,0.1
72,2.8,5.5,4.2,4.6,1.9,3.2,0.7,1.9,1.9,3.5,3.5,3.4,3.6,2.5,2.1,1.5,0.8,0.3,0.6,0.4,0.2,0.1,0.9,0.4,0.3,2.4,2.8,0.6,5.8,0.3,0.3,0.2,0.3,0.3,0.3
73,3.2,6.9,6,6.8,4.4,6.5,1,2,1.9,4.5,2.4,2.5,2.4,2.4,2.5,2,1.3,0.7,0.8,0.7,0.9,0.5,0.5,0.3,0.2,3.6,2,0.6,3.7,0.2,0.7,0.7,1,0.3,0.2
74,4,6.9,5.2,5.8,4.9,3.7,2.1,1.2,2,1.7,1.8,1,1.1,0.4,0.9,1.1,0.5,1,0.4,0.4,0.3,0.5,0.4,0.5,0.2,4.5,3.1,1.2,7.6,0.5,0.9,0.4,0.5,0.3,0.1
75,5.8,3.5,4.7,1.7,3.4,1.8,1.4,1,1.4,1.9,1.8,1.3,2,2.1,3,1.3,0.2,0.1,0.5,0.2,0.2,0.4,0.2,0.7,0.6,3.3,1.9,2.5,6.2,0.3,0.8,0.5,1.2,0.4,0.1
76,4.2,5.1,4.1,4,4.1,6.2,1.2,2.5,3,4,4.9,3.6,3.2,2.6,3.2,0.4,0.3,0.3,0.5,0.3,0.7,2.2,0.6,0.4,0.3,3.8,2.7,1.1,6.3,0.5,0.5,0.7,0.8,0.2,0.1
77,6.2,4.4,6.6,3.9,4.6,4.2,0.6,0.7,1.6,2.1,2.8,1.3,1.3,1.6,2.6,1.3,0.2,0.8,0.6,0.7,0.2,0.7,0.3,0.2,0.1,1.9,1.4,1,7,0.6,0.1,0.2,0.8,0.4,0.2
78,3.9,4.4,4,3.8,2.3,1.9,1.3,1.2,1.1,3.2,1.8,1.3,2.2,1.8,1.6,0.9,0.5,0.5,0.2,1,0.5,0.3,0.6,0.3,0.1,2.2,1.4,1.2,5.7,0.6,0.6,0.2,0.6,0.6,0.2
79,3.9,3.6,2.9,1.6,1.3,1.4,1.7,1,2.1,3.1,2.4,2.7,1.4,1.2,2.1,0.8,0.7,0.7,0.4,0.5,0.6,0.9,0.6,0.3,0.2,4,2,1.5,5.1,0.3,0.3,0.4,1,0.2,0.3
80,5.3,5,5.3,3.3,2.6,3.4,1.2,1.4,1.3,3.5,3.4,3.1,4.2,3.5,4.1,1,0.1,1.6,0.3,0.4,0.4,1.2,0.9,0.5,0.3,2.5,1.6,1.4,4.3,0.3,0.2,0.4,0.3,0.2,0.2
81,3.4,2.4,3.7,1.9,1.7,2.1,0.8,2.5,1.2,2.7,1.8,2.1,2.5,1.8,3.4,1.3,0.3,0.2,0.5,0.1,0.3,0.8,0.2,0.7,0.3,5.3,3.5,0.9,7.1,0.1,0.2,0.2,0.5,0.3,0.2
82,3.4,6.5,4,2.2,3.7,2.6,1.7,2.6,2.6,2.6,1.9,2.4,1.7,1.3,2.1,1.3,0.9,0.2,0.3,0.1,0.9,0.2,0.9,0.9,0.2,3.3,2.6,0.7,5.1,0.2,0.5,0.5,0.5,0.4,0.4
83,4.1,2.6,3.2,1.8,2.1,1.6,1.6,0.6,1.6,0.8,0.9,1.2,1.9,1.2,2.2,1.4,0.4,0.7,0.6,0.7,1.5,0.9,0.4,0.3,0.2,2.4,1.7,0.9,4,0.4,0.1,0.5,0.5,0.2,0.5
84,3.1,2.5,4.9,2.4,2.3,1.6,2.2,1.2,1.1,1.4,2,2,2.2,1.6,2.8,0.8,1.4,0.8,0.3,0.4,1,0.5,0.4,0.4,0.5,3.8,2.6,1.3,6.1,0.3,0.2,0.2,0.9,0.3,0.2
85,4.9,3.1,4.2,2.2,2,2.7,2.4,3.1,2,3.2,2.6,3.6,2.3,1.1,1.9,1.2,0.8,0.8,0.8,1.1,0.2,0.9,0.2,0.8,0.2,2.7,1.8,0.6,4.6,0.5,0.2,0.2,0.9,0.6,0.2
86,4.2,4.5,4.1,3.8,2.1,3.9,3.7,2,2.8,3.6,2.2,2.4,2.6,2.2,2.1,2,1,0.7,1,0.8,0.9,0.6,0.5,0.6,0.3,2.3,1.6,0.9,6.2,0.4,0.3,0.2,0.4,0.3,0.2
87,3.2,3,5.6,2.3,3.4,2.2,1.7,1.4,1.8,2.1,1.9,1.1,1.1,1,1.5,2,0.8,0.7,0.7,1,0.4,0.3,0.3,0.2,0.3,3.6,1.6,1.2,7.9,0.7,0.1,0.2,1.1,0.1,0.2
88,1.9,2,2.5,3.1,1.3,1.6,1.6,0.9,1.7,1.4,1.7,0.7,0.8,0.9,1.5,1.5,0.5,1,0.9,0.2,0.3,0.3,0.1,0.8,0.4,3.8,1.6,0.9,5.5,0.1,0.3,0.4,0.7,0.5,0.1
89,2.7,2,3.9,2.9,2.7,1.2,2,1.3,0.9,1.8,1.8,1.9,2.1,1.7,3.8,2.2,0.8,1.1,0.8,0.5,0.4,0.5,0.8,1.1,0.2,2.8,1,1.2,8.4,0.1,0.3,0.2,1,0.4,0.2
90,3.2,5.6,5.9,3.7,3.7,3.2,2,1.8,1.8,2.6,2,2.4,2.3,2.3,3,1.2,1.1,1.3,0.7,0.3,0.7,0.5,0.3,0.4,0.2,2.9,1.8,0.3,7.2,0.2,0.2,0.3,1.4,0.5,0.2
91,4,4.9,4.5,3.8,4,3.8,1.9,3.2,2.8,4.5,4.3,4.8,3.8,2.9,3.7,1.4,0.8,0.3,0.4,0.2,0.4,1.2,0.5,0.6,0.3,2.8,1.5,0.2,7.8,0.5,0.2,0.5,1.1,0.4,0.1
92,2.4,5,5.2,4.1,3.3,4.8,1.2,1.4,1.6,2.8,3.6,4.2,4.2,3.7,4.1,1.6,0.9,0.4,0.4,0.2,0.3,0.5,0.2,0.4,0.5,1.6,1.3,0.7,4.4,0.2,0.4,0.5,0.8,0.3,0.1
93,4.4,4,4,3.9,3.8,4.2,1.8,0.8,1.7,3.2,4.2,3.6,3.2,3.4,4,1.6,0.8,0.6,0.8,0.5,0.4,0.6,0.2,0.6,0.3,3.1,2.5,0.9,6.2,0.3,0.6,0.6,0.9,0.3,0.1
94,2.5,5.5,4.4,4.3,3.8,4.5,2.7,2.7,2.8,2.8,2.9,4.4,4.4,2.7,3.4,0.9,0.3,0.2,0.4,0.1,0.2,0.6,0.5,0.6,0.5,4.2,2.7,0.8,8.5,0.2,0.4,0.4,1,0.5,0.1
95,3.6,4.6,5.2,3.9,4,4,2.7,1.9,2.7,3.4,3.7,2.5,2.8,1.7,2.7,0.5,0.5,0.3,0.7,0.5,0.4,0.4,1.3,0.7,0.7,3.4,2.8,1.1,6.7,0,0.3,0.6,0.8,0.8,0.1
96,2.9,4.6,2.9,4.6,2.4,3.9,2.8,0.3,1,1.7,2.3,1.8,1.4,2.7,3.1,1.7,0.6,0.8,0.4,0.6,0.8,0.8,2,0.5,0.9,2.8,1.8,1,5.1,0.6,0.2,0.2,1.1,0.4,0.1
97,2.8,4.7,4.4,3.5,3.9,3.5,2,2.1,3.2,4.3,3.4,2.5,1.9,1.6,1.3,0.3,1.4,1.5,0.7,0.9,1.6,0.7,1.1,0.6,0,0.8,0.5,0.5,5.2,0.4,0.3,0.6,2.1,0.3,0.4
98,4.4,6.1,3.2,6.1,3.9,3.7,2.5,1,1.5,2.3,1.9,0.9,1.6,2,1.2,1.4,0.4,1.2,0.3,0.5,0.5,0.7,0.6,0.5,0.1,3.3,2.2,1.3,6.3,0.4,0.1,0.3,1,0.2,0.2
99,4.4,6.2,7.5,3,4.5,3.5,1.3,1.1,1.4,2.1,3.3,3,2.2,1.9,2.8,1.5,0.3,0.5,1.2,0.3,0.4,0.9,0.7,0.6,0.5,3.9,2.1,1.1,5.7,0.5,0.3,0.3,1.2,0.2,0.1
100,3.3,6.1,6.8,4.8,4.4,3.8,2.7,1.1,2.2,4.2,3.5,2.7,3.4,1.8,1.4,0.6,0.9,0.3,0.6,0.5,1.1,0.8,0.8,0.8,0.1,2.7,1,1.2,4.9,0.3,1,0.5,0.4,0.3,0.2
101,6.6,5,6,3.1,3.5,2.9,3.4,0.8,1.5,2,3.1,1.6,2.1,2.7,2,0.5,0.4,1.1,0.8,0.4,0.8,0.5,1,0.5,0.3,3.5,1.5,0.7,5.5,0.2,0.8,0.8,0.6,0.3,0.1
102,5.3,2.2,3.8,1.4,2.7,1.2,1.2,0.9,0.6,1.1,1.5,1.8,0.8,1.6,1.8,2.1,1.7,0.5,0.8,0.6,1.1,0.4,0.6,0.4,0.6,3.9,1.2,1.4,7.5,0.4,0.2,0.3,0.6,0.4,0.3
103,2.8,2.5,1.3,3,1.4,1.4,1.4,1.2,1.3,3.6,1.7,2.8,2.9,2.2,2.4,2.2,1.5,0.8,0.7,0.4,0.6,0.9,1.3,0.4,0.4,2.6,1.7,1.3,5.7,0.2,0.2,0.4,0.6,0.6,0.1
104,4.4,1.9,4.7,2,1.7,1.7,0.7,1.1,1.8,3,2.2,2.1,1.8,4.3,4.1,2.2,1.4,0.4,0.5,0.6,0.5,0.3,0.3,0.6,0.3,2.4,1.7,0.6,6.4,0.2,0.2,0.3,1.3,0.4,0.1
105,3.9,2.8,2.7,2.1,1.9,2.4,1.4,1.7,1.3,3,2,1.7,2,1.9,2.3,1.4,0.9,1.3,0.2,0.4,0.4,0.7,0.9,0.6,0.5,1.9,0.8,1.1,5,0.3,0.3,0.4,1.4,0.3,0
106,3.3,5.5,4.1,6.1,4.7,3.9,1.2,2.1,1.5,3.1,2.9,2.8,3.2,3.3,4,1.6,1.4,1.2,0.5,1.2,0.8,0.9,0.8,0.6,0.6,2.1,1.6,0.6,6.5,0.2,0.3,0.1,0.5,0.3,0.1
107,2.6,4.6,3.9,3,2.5,2.5,1.8,1.2,2.2,2.6,2.8,1.4,1.3,1.6,3.8,1.6,0.5,1.1,0.9,0.7,0.4,0.3,0.4,1,0.5,1.8,0.8,1.5,6.5,0.2,0.9,0.2,0.6,0.5,0.2
108,2.4,1.7,2.3,1.5,1.9,1.2,1.4,2.5,1.7,1.8,2.2,1.2,1.6,1.9,2.3,0.6,2.4,0.4,0.8,0.4,0.4,0.6,0.9,1.6,0.3,1.6,1,0.4,10.3,0.1,0.3,0,1.2,0.8,0.2
109,3.8,3,4.3,2.6,2.7,1.5,2.1,0.5,0.3,0.7,1.8,2.2,1.1,2.6,3.4,1.5,2.2,1.5,0.6,1.3,1,0.9,0.8,1,0.3,2.5,2.4,1,9.2,0.3,0.3,0.4,0.6,0.5,0.1
110,4.8,3.1,3.8,2.2,1.8,1.7,1.1,1.2,1.7,2.2,1.3,1.8,3.6,3.5,3.4,3,3.3,1.9,0.5,0.7,1.2,0.4,0.8,0.6,0.2,2.7,0.8,1.1,5,0.1,0.6,0.5,1.5,0.4,0.4
111,3,3.4,2.5,3.5,2.6,2.6,2.3,3,3,3.2,2.6,3.5,2.2,2.1,2,3.2,1.5,1.6,1.3,0.6,0.2,0.6,0.6,0.4,0.3,1.9,0.8,1.4,6,0.2,0.3,0.2,0.7,0.5,0.2
112,2.7,4.2,3.5,3.2,3.2,3.3,1.1,1.9,3.9,3.3,3.3,3.8,4.1,1.8,2.5,1.9,0.5,0.7,1.2,0.5,0.6,1.5,0.6,0.9,0.3,2.7,1.3,0.4,5.6,0,0.3,0.4,0.3,0.7,0.3
113,3,4.9,3.5,3.4,4,3.5,0.7,2.3,3.6,2.9,2.3,2.3,2.3,2.2,2.9,1.5,0.3,1.3,0.4,0.6,0.7,0.8,1.5,0.7,1,2.5,1.2,1.7,3.1,0.2,0.1,0.2,0.5,0.3,0.5
114,4.2,3.2,1.8,5.9,1.6,2.4,0.9,1.4,1.2,4.2,4.1,3.1,2.9,1.9,2.9,2.1,0.8,0.3,0.4,0.9,1.1,0.5,0.5,1.2,0.5,3.3,1.4,2.1,4.4,0.1,0.3,0.2,0.8,0.3,0.2
115,3.4,4.3,4.4,3.3,2.7,2.9,1.2,1,1.1,1.6,1.9,1.5,2.1,2.5,3,0.6,1.1,1.4,0.2,0.7,1.2,0.2,0.5,1.2,1.6,2.2,0.7,0.7,2.8,0.2,0.1,0.3,0.7,0.6,0.4
116,3.5,2.2,3,2.1,1.7,1,1,0.6,1.1,1.4,2.1,2.3,1.1,1.4,1,1,1,0.6,0.9,1.1,1.4,0.1,0.3,1.8,0.4,2.5,1,0.6,9.7,0.2,0.3,0.2,0.6,0.4,0.1
117,1.6,1.6,2.6,2.7,2.1,1.8,1.3,1.1,0.5,1.6,1.5,1.7,2.1,1.7,2.2,3.5,2.4,0.4,0.9,1.5,1.4,0.8,0.9,1.3,0.4,2.6,1.9,0.8,6.3,0.5,0.1,0.4,0.5,0.4,0.5
118,4.3,4.1,3.3,3.7,2.9,2,0.4,1.5,1.5,2.3,1.1,2.6,2.8,2.3,3,2,2.4,2.1,1.6,2.3,1.8,0.9,1.2,1,0.7,2.9,1.8,1.4,3.9,0.3,0.6,0.1,0.9,0.9,0.3
119,3.8,6.4,8.1,3.4,4.9,2.7,1.9,0.7,1,1.3,2.2,3.8,2,1.3,1.6,4,0.7,1.2,1,0.8,0.9,0.4,0.8,0.9,0.9,2.3,1.5,0.9,3.6,0.2,0.3,0.3,1.6,0.6,0.5
120,4.4,2,4.6,1,1.3,1.3,2,1.8,1.7,1.9,1.8,1.7,2.1,2.2,2.5,1.2,2.9,0.9,0.6,0.5,0.5,0.2,0.4,1.1,1,2.5,1.3,1.3,4,0.4,0.3,0,0.7,0.2,0.2
121,3.2,1.5,3.6,2.7,1.9,1.9,2.4,1.4,2.5,3.4,2.1,2.2,1.8,1.4,1.9,2.2,1.1,1.4,0.4,0.8,0.9,1.5,0.3,0.7,0.6,2.8,1.4,1.8,6,0.2,0.3,0.2,0.5,0.1,0.2
122,2,5.4,3,3.4,2.7,3.2,2,2.4,2.5,3.2,2.7,2.5,2.7,3.3,2.2,1.7,0.1,0.7,0.4,0.4,0.2,0.3,1,1.5,1,3.8,1.4,1.4,5.5,0.2,0.7,1,1.4,1,0.1
123,5.2,5.7,4.8,3,4.1,3,1.6,3.6,3.9,5,3.5,2.6,1.9,0.8,1,0.4,1.5,0.4,0.1,1,0.9,0.7,1.2,1.2,0.5,2.3,1.1,1.8,6.2,0.2,0.8,0.1,1.3,0.6,0.2
124,3.2,4,3.4,4,2.8,3,1.4,1.6,1.7,1.7,2.6,1.2,1.5,2,2.1,2.1,2.4,1.3,0.4,1.2,0.6,1.1,1.9,1.7,0.6,1.2,0.8,1.1,2.9,0.3,1.2,0.5,0.7,0.7,0.4
125,4.2,4.6,3.6,3.4,3.2,1.6,0.7,1.1,1,1.7,1.7,1.7,1.8,1.6,1.9,3.4,2.5,0.2,1.5,1.2,1.6,0.4,1.2,2.1,0.6,2.6,1.1,1.5,5.4,0.2,0.3,0.2,1.7,0.7,0.5
126,4.7,2.1,3.8,2,2.2,2.9,1,1.3,1.7,3.8,3,3.8,1.6,3.1,3.5,2.4,1.6,1.1,0.4,1.5,0.6,0.2,1.3,3.1,0.4,1.9,1.5,1.8,5.2,0.2,0.7,0.2,0.8,0.3,0.2
127,3.8,2.6,1.7,1.7,3.7,2.4,1.3,1.4,2.9,3.3,3,2.4,1.9,1.7,1.5,1.8,1.6,1.9,1.3,2.8,0.9,0.7,1.1,2.2,0.2,1.6,0.6,0.9,5.4,0.3,0.6,0.5,1.2,0.4,0.4
128,2.6,4.9,3.1,5.9,3.7,3.4,0.9,3.9,2.8,3.5,2.2,1.2,3.3,2.9,3.5,2,1.8,0.4,0.9,1,0.8,1,0.4,0.7,0.3,2.6,0.9,1.6,3.4,0.2,0.7,1.5,1,0.6,0.9
129,2.8,4.3,4.5,4.5,4.1,2.8,3,4.6,3.5,5.8,4.2,3,2.6,1.8,2.5,2.1,0.6,0.6,0.7,3,1.7,0.4,1,0.6,0.8,1.1,0.6,1.1,3.9,0.2,0.5,1.2,1.9,0.3,0.3
130,5.4,3,2.7,1.4,1.9,1.6,1.5,2.1,2.8,2.2,2.5,1.8,2.5,1.8,1.9,2.6,2,1,0.8,1.2,1.5,0.6,1.1,1.6,0.4,1.3,1.2,1.2,4.8,0.4,1,0.3,0.7,0.6,0.4
131,2.7,2.2,1.7,2.7,1.4,2.4,0.9,2.4,3.2,3.6,2.8,3,2.9,2.3,2.6,2.8,1.5,0.8,0.8,1.3,0.9,0.4,1.3,1.5,0.3,1.9,1.6,0.7,7.7,0.2,0.8,0.5,1,0.7,0.4
132,2.4,3.5,2.9,3.8,2.4,3.9,1.1,3,4,4.1,2.9,1.8,2.6,3,2.5,0.9,1.2,0.4,1.5,2.9,1,0.3,0.5,1.4,0.5,1.2,0.8,1.1,5.3,0.4,0.2,0.5,1.2,0.9,0.2
133,2.6,4.3,4,6,4.8,5,2.1,1.1,1.2,1.8,1.9,0.9,1,1.9,2.8,1.7,1.4,1,1.3,1.1,0.9,0.8,2.3,1.9,0.4,2.9,1.6,2.7,4.1,0.5,0.8,0.6,0.5,0.7,0.4
134,3.3,6.8,5.5,3.8,5,2.1,0.6,1.2,0.9,1.6,1.1,0.7,1.2,1.6,2,2,2.3,0.9,1.2,0.3,1.4,0.5,1.3,1.1,0.6,1.7,1.2,1.1,3.8,0.3,0.7,0.2,0.8,0.3,0.3
135,3.8,1.4,3.4,2.6,1.2,1.9,0.9,2,1.4,1.8,1.9,3.1,2.4,3.2,3.5,2.5,1.7,0.5,1.2,1.5,1,0.7,1.7,2.3,0.5,1.7,1.5,2,3.9,0.1,0.8,0.4,1.2,0.1,0.3
136,1.6,3.2,2.4,3,1.5,1.8,1.9,2.2,2.4,2.9,2.6,3.4,3.8,4.4,4,3.1,1.1,0.9,0.5,0.8,1.8,0.1,2.3,2,1,1.2,0.4,1.9,5,0.3,0.6,0.3,1.7,0.2,0.2
137,2.7,5.4,3.5,4.8,4.7,5.9,1.8,0.9,1.7,4.5,5.4,3.7,3.2,1.8,3.1,1.4,1.8,2.7,2.8,1.9,3.1,0.7,0.7,0.5,0.7,1.5,1,1.9,4.2,0.7,1.3,0.3,0.9,0.1,0.1
138,3.7,3.3,2.8,2.2,2.6,2.6,1.3,2.8,1.8,6.1,3.8,3.3,3.8,3.7,3.8,0.7,2.2,1.3,2.1,0.7,0.4,0.4,1.6,1.8,0.7,1.5,0.6,1.8,3.6,0.1,0.5,0.7,0.9,0.2,0.3
139,2.5,3.6,2.8,3,2.4,2,0.9,3.6,3.6,5.3,3.2,2.8,3.8,2.3,2.5,2,3.4,1.7,0.4,1.9,2.2,0.2,2.6,1.2,0.5,2.2,1.2,1,4.8,0.2,0.1,0.1,1.2,0.9,0.3
140,3.9,2,2.3,2,2.5,2.9,0.9,7.5,5.2,4.6,4.1,2.1,2.8,2.4,2.4,2.3,2.8,1.7,1.1,1.7,2.9,0.2,1.4,2.6,0.5,2.2,0.7,1.2,4.3,0.6,0.9,0.6,0.9,0.5,0.2
141,3.2,2.5,2.8,2.3,2.4,2.5,1.5,1.6,3.3,2.1,2.5,1.4,2.8,0.5,0.6,2.2,1.4,1.8,0.3,1.5,1.2,0.8,1.2,0.5,0.5,0.7,0.3,1,4.4,1,0.6,1,0.3,0.2,0.4
142,3.5,4.2,3,2.7,4.3,3.9,1.7,2.3,3.8,2.9,1.8,1.1,1.6,1.1,1,3.4,3.1,0.4,0.7,1.4,1,1.9,0.5,0.9,0.5,2,1.4,1.6,5.2,1,0.7,1.1,1,0.2,0.5
143,4.1,6.1,4.3,3.1,3.3,2.7,1.9,1.8,2.2,3.1,3.3,1,2.1,1.1,1,2.4,2.6,0.9,1.1,1.6,0.9,1.1,1.2,2.4,1.3,2,0.8,2.8,4.8,0.5,0.7,0.4,1,0.3,0.2
144,3.5,3.5,3.3,2.2,4.3,2.3,1.1,1.8,1.9,2.5,2.7,1.3,1.8,1.2,1.6,5.7,2.5,1.1,1.1,1.8,2,0.9,2.9,3.3,2,2.3,1.6,1.7,5.3,1,0.7,0.7,0.6,0.5,0.4
145,3.9,3,2.2,1.7,4.3,3.9,3.3,4.1,3.2,2.5,4,1.3,2,2.3,3.8,1.5,3,1.8,1.6,2.3,1.1,0.8,2.1,2.7,1.6,1.2,1,1.7,6.1,0.2,1,0.7,0.6,0.5,0.3
146,1.3,3.6,5.1,3.5,4.4,4.2,2.8,1.9,2,4.4,3.7,3.7,3,3.1,3.3,1.8,2.2,0.5,0.9,1.7,2.8,1.8,1.7,2.5,1.1,3,1.2,2.2,3.2,0.2,1.1,0.8,0.8,0.6,0.2
147,0.6,2.2,3.4,3,1.8,4.6,1.9,1.9,2,2.5,3.6,2,1.9,1.3,2,2.7,1.2,0.4,0.2,0.9,1.4,0.6,1.2,2.1,1,1.6,1.1,1,3.8,0.5,1.4,0.9,0.7,2,0.4
148,4.2,4.2,3.2,4,3.3,2.2,3.1,1.8,2.4,2.6,2.2,1.8,2.8,2.8,2.2,1.7,1.3,1.6,1.1,3.1,2,0.5,2.3,1.1,1,2.1,1.1,1.3,3.8,0.4,0.5,0.7,0.4,2,0.1
149,4.6,0.8,1.5,2.1,2.2,3.2,1.5,1.7,1.5,3.6,2.6,1.4,2.5,2.1,1.1,2.9,1.7,1.5,1.5,1.3,1.1,0.6,1.2,2.8,1.3,2.3,1.6,2.5,2.1,1.2,0.8,0.4,0.3,1.2,0.4
150,2.3,3.6,2,3.7,4.5,5.2,1.5,4.8,3.5,3,4.4,2.2,2.8,1.1,3.3,1.3,2.2,1.6,1.1,2.6,2,0.7,1.6,2.9,0.3,1.6,0.6,2,3.8,1.1,1.5,0.7,0.7,0.7,0.5
151,3.3,1.9,2.3,1.7,2.7,2.9,1.4,2.9,3.4,5.2,4.7,3.2,3.8,2.8,3.5,4,2.6,0.7,0.6,1.4,2.4,0.6,2.5,1.5,0.8,2.8,2,2.5,6.4,0.7,1.4,0.4,0.6,0.7,0.3
152,3.2,3.4,2.6,3.6,3.2,4.5,2.4,3.4,3.3,3.5,4,2.5,2.4,2.3,3.1,3.5,1.6,2.2,1.8,0.8,2.1,0.8,1.3,2.3,0.5,1.8,1.1,1.6,5,0.9,1.3,1.2,1.2,0.7,0.4
153,3.8,3.5,4.1,2.5,4,4.7,3.4,6.4,4.6,3.6,2.6,1.6,1,1.3,1.8,1.7,2.3,1.5,1.2,1.5,1,0.8,1,1.3,0.7,1.1,0.9,1.6,7.2,1,1.1,1.6,1.2,0.8,0.2
154,3.3,2.9,1.9,1.9,2.1,2.5,2.9,1.9,2.2,1.4,1.9,1.1,0.9,1.8,2.6,1.8,2.9,2.2,1.3,2.6,1.5,0.9,3.2,1.2,0.6,1.7,1.2,1.6,5.3,0.5,0.8,0.9,1.1,0.7,0.2
155,3.2,3,3.9,3.3,1.7,2,2.2,2.2,3.1,1.3,2.3,1.9,1.1,0.6,1,1.5,2.5,1.5,0.8,2.7,4,1,1.7,1.5,1.3,2.7,1.5,2.4,4.3,1,0.7,0.4,1.3,0.6,0.2
156,1.9,1.6,2.1,2.3,1.8,1.9,1.3,2.7,2.4,2.6,2.1,1.8,1.6,1.9,2.7,2.5,1.3,1.7,1.6,0.9,2.8,0.7,1.8,2.4,0.6,0.7,0.4,2,3.4,0.9,0.8,0.5,0.9,0.8,0.1
157,2.6,5.5,5.1,8.2,5.2,3.5,0.6,2.6,2.8,2.7,3.9,3.6,3,2.6,2.5,3.4,3.5,0.6,1.3,2.8,2.6,0.4,1.4,3.2,1.2,2,1,2.7,3.3,0.2,1.2,0.7,1.9,0.9,0.1
158,5.6,3,4.4,2,3.2,4.2,2.2,4,2.8,3.1,3.3,2.3,2,3.4,2.1,3.4,2.6,3.6,2.2,0.7,3.4,1.4,1.5,2.4,1.9,0.8,0.9,1.2,2.3,1.6,1.1,0.3,1.6,0.6,0.5
159,3.3,5.2,3.8,4.5,3,2.8,2.5,2.6,2.9,2.6,2.9,3.7,2.2,1.6,2.1,3.6,2.6,1.1,1.2,1.6,1,1.5,3.3,3.3,0.7,1.5,1.7,1.4,2.4,0.3,1.3,1.1,1.2,0.2,0.4
160,6.3,2.9,3.6,2.4,3.8,2.3,2.8,2.9,2.1,2.4,3.5,2.2,1.7,2.1,3.4,2.7,1.5,1.7,1.1,1.1,2.9,2.8,2.6,3.1,1.1,2.1,0.9,2.9,5.2,0.6,1.1,0.3,1.2,0.6,0.5
161,3.3,4,1.7,2.3,4.7,3.8,1.5,3.5,3.9,4.8,5.8,4.1,1.7,2.9,1.4,3.9,2.4,1.3,1.1,2.7,3.4,0.7,1.8,2.4,0.6,2.4,1.6,3.9,3.2,1.4,1.3,0.9,0.6,0.7,0.5
162,3.4,1.1,3.3,3.3,3,2,0.9,1.4,3.7,2.8,3.5,2.2,3.4,1.3,4,2.6,2.4,2.5,1.7,1.7,2.8,0.9,2.6,1.5,0.8,1.4,0.5,3.5,5.7,1.1,1,0.1,1.5,0.2,0.3
163,3,1.3,1.8,1.5,1.6,2.6,2.1,2.3,2.4,4.5,2.5,2.4,2.3,1.5,1.7,3.3,4.9,2.8,1.7,5.5,1.2,1.2,1.5,2.6,1.3,1.9,0.7,2.1,4.3,1.1,0.8,1.2,0.6,0.3,0.6
164,1.8,4.4,1.6,4.6,2.8,2.2,3.9,2.6,2.7,3.9,3.2,1.9,2.5,2.3,2,2.9,3.1,2.6,1.2,3.6,3.2,1.7,1.8,5.2,1.7,2.5,1.1,1.6,2.5,0.4,1,0.1,0.7,0.4,0.5
165,3.2,4.3,3,3.2,3.2,2.5,1.9,2.1,1.4,2.6,1.3,2.1,0.7,0.8,1.5,3.8,2.1,1.2,1.7,2,1.4,1.6,2.4,3,0.8,1.3,0.7,1.9,2.3,1.1,2.2,0.3,1.3,0.5,0.8
166,1.9,1.2,3.6,0.7,3.3,2.1,1.4,1.8,1.7,2.2,2.4,1.9,3.9,2.8,3.7,3,1.5,1,0.7,1.5,1,1,2.9,3.2,0.8,2.2,0.8,3.1,3,0.7,2.5,0.7,1,0.7,0.2
167,3.8,2.3,2.2,3.7,2.4,2.9,3.4,1.9,2.4,7.7,3.6,4.5,4.5,1.1,1.8,1.9,3.5,1.4,1.1,1.6,1.6,2,2.4,2.8,1.3,2.5,1.4,1.8,2.1,0.9,1.5,1,0.2,0.4,0.4
168,3.1,5.2,5.1,3,3.4,2.8,2.5,2.4,1.6,2.5,4.2,2.7,3.4,2.6,5,3.6,3.1,2.7,1.4,0.8,2.2,1.1,2.4,3,0.5,1.3,0.3,2.9,4.2,0.9,1.8,0.8,0.9,0.8,0.5
169,4.1,2.3,0.7,3.9,2.6,2.2,2.9,2.3,4.5,5,5,4.7,3.1,2,2.4,2.8,3.9,0.8,2.1,1.4,1.7,1.6,1.8,1.6,0.4,2.3,1.1,2.1,3.1,0.8,2,0.4,1.9,0.7,0.3
170,2.1,2.2,1.4,3.3,2.2,2,2.5,2.9,2.7,3.8,4.7,4.3,1.8,4.7,3.3,2.6,2.8,1.2,1.2,2.2,1.4,0.3,3.2,2.2,1.5,0.8,0.4,2.4,3.9,0.7,0.6,1,1,0.6,0.3
171,4,2.4,3.8,2.9,1.5,1.5,2.4,2,3.8,2.9,3.5,2.4,1.9,1,1,2,3.2,0.7,1.9,1.1,1.2,1.1,2,3.6,1.1,0.9,0.9,1.6,3.4,1.4,0.7,1.3,1.8,0.8,1
172,2.2,4.4,3.5,2.3,4.1,5.1,1.5,6.2,5.4,5.6,4.8,4.4,3.7,4,5,1.8,3.5,0.6,1.4,1.5,1.3,0.8,1.6,2.5,0.5,1.2,0.4,1.2,5.3,1.3,1.9,0.3,0.8,0.4,0.2
173,3.2,3.9,2.8,1.8,4.8,4.3,1.9,4.6,3.9,4,2.7,2.5,5.2,4.4,2.7,1.6,3.4,2.2,1.2,2.4,2.3,0.3,2.7,2.7,1.4,1.3,0.9,1.1,4.5,1.8,1,1.5,0.9,1.9,0.1
174,1.6,2.2,1.7,2,4.4,3,3.5,2.6,3.6,2.9,3,2.1,3.6,2,2.9,2.3,1.1,3.6,3.1,2,2.3,2.7,2.9,3,0.8,0.9,1,1.8,4.2,0.8,2.5,0.7,0.8,1.2,0.3
175,3.4,1.4,2.2,3.4,3,2.1,2.8,4.2,4,5.5,5.2,3.3,3.4,3,3.6,2,2.5,4,0.7,3.2,5.2,1.2,4.4,2.8,0.9,1.4,1.3,1.5,3.4,1.4,2.1,0.3,1.2,0.6,0.3
176,3,4.8,2.2,2.6,4.4,3.9,1.8,2.8,3.1,4.5,4.3,4.1,3.9,3.3,3.8,3.7,4.7,3.6,1,9.3,1.3,1,2.8,3,0.4,1,1,2.2,4.7,1.1,2.2,1,1.6,0.6,0.2
177,2.3,3.5,3.4,5.9,1.5,3.6,1.1,1.9,2.1,1.7,3.3,1,2,1.7,2.3,3.4,3.5,3.9,1.3,3.2,3.6,1.5,5.4,1.7,0.9,2.3,0.9,3.5,3.6,1.5,1.6,1,2.1,0.6,0.6
178,1.8,3.1,4.3,2.4,1.1,3.8,3.6,1.1,2.1,6.7,3.9,4.1,3.8,2,3.7,2.4,4.3,2.4,2.1,1.8,2.4,2.8,5,2.5,1.2,1.6,0.7,4.1,3.7,1.7,0.8,0.8,1.9,1.2,0.8
179,2.9,3.2,3.9,3,2.7,1.9,2.3,3.7,2.8,3.9,1.2,1.3,1.3,1.6,4.9,3.2,2.1,3.7,1.1,2.1,1.5,1.7,2.7,2.3,0.8,1.4,1,3.1,2.8,1.9,1.3,1.4,1.6,1.3,0.6
180,4.5,2.5,1.9,2,2.9,3.4,3.3,3.5,4.2,4.3,2.7,3.5,2.6,4,2.8,3.6,1.5,2.1,2.2,2.4,3.8,1.2,2.6,7.1,2.6,3.3,1,1.5,6.3,1.3,0.7,0.7,0.6,1,0.7
181,6.3,3.1,3.7,2.9,3,2.4,4.2,3.1,2.6,5.9,5.4,3.5,3.4,1.4,2.1,1.9,3.8,3.1,0.8,4.9,3.3,1.2,4.6,2.4,1.4,0.5,0.4,3.1,4.6,1.7,1.2,1.7,1.6,1.3,0.6
182,2.2,3.3,1.6,1.7,3.7,2.9,2.1,4.3,4.7,4.1,4.6,2.4,1.8,1.3,0.6,3,3.8,3.3,1.1,2.3,2.8,2.1,3.2,1.4,1.5,1.6,1,1.1,4.9,1.6,1.1,2.1,1.5,1,0.9
183,1.9,1.3,2,1.5,1.4,2.3,2.2,2,2.5,2.3,3.5,3.1,3.3,3.1,2.4,2.1,3.1,1.6,1.2,2.4,2.6,2,4.2,3.6,1.1,0.6,0.4,2.2,3.1,1,0.8,0.9,0.9,1.3,0.7
184,3.3,2.4,2.6,1.5,3.4,3.9,3.6,4.7,3.4,3.5,4.8,3.5,2.6,2.3,1.8,3.6,2.7,1.1,1,3.2,3.1,3,7.2,3.6,2.2,3.1,2.1,1.6,2.8,1.1,2,1.8,1.1,0.4,0.5
185,3.2,4.2,3,2.5,2.2,0.8,5.1,2.5,3,2.6,2.3,2.1,2.1,0.7,2.3,2.5,2.6,3.9,1.8,2.7,2.4,1.1,2.7,1.7,1.2,1,0.6,2.2,3.5,1.4,2.2,0.6,1.1,0.9,0.3
186,3.1,3.4,4.2,2.6,3.5,2.1,3.2,2.3,4.6,5.9,2.5,1.6,1.7,3.9,3.2,2.7,2.4,4.2,2,1.7,3.6,0.8,3.7,2.9,1.8,3.9,1.4,1.7,1.8,1.3,1.2,1.4,2.1,1.2,1.1
187,3,1.3,3.3,1.2,3.3,2.7,1.2,3.7,1.8,2.5,4.5,1.4,0.9,2.8,2.6,2.7,1.2,2.1,1.5,2.8,3.2,0.7,7.1,3.2,2.5,0.4,0.1,1.9,2.9,0.6,1.5,2.5,1.2,0.9,0.7
188,2.9,0.8,2.6,0.4,0.9,1,2.1,4.9,7.4,2.8,2.4,1.3,1.1,2,2.7,5.6,5.2,4.5,2.4,1.5,3.1,2.7,3,2.3,0.9,1,0.2,2.6,5.1,1.6,1.1,1.2,1.1,0.9,0.2
189,3,1.6,1.3,4.9,1.1,2.3,3.3,3.4,4.6,5.7,3.1,2.2,4.2,1.1,4.1,1.7,1.3,2.5,1.9,1.5,1.2,2.5,3.4,1.9,0.7,1.6,1,3,2.4,1,1.7,0.6,1.5,0.8,0.5
190,3.6,1.9,1.2,2,2.1,2,2,3.7,5.3,4.5,4,2.4,3.8,1.8,1,3,1.2,0.5,0.8,5.8,1.5,3,3.4,1.3,0.7,1.4,1,1.8,3.9,1.7,1.6,1.1,0.8,1,0.6
191,2.5,1.9,2.4,1.8,3.1,3,2.9,2.8,3.3,2.9,3.6,3,2.6,1.5,1.5,1.4,2.5,1.6,1.5,4.7,3.2,0.6,2.9,2.2,0.9,2.3,1.2,2.5,5.2,1.6,2.3,0.7,2.6,1.3,0.6
192,1.7,0.8,1.7,1.2,3,4.7,4,4,4.6,5,4.6,2.7,2.9,1.3,1.7,1.8,1.5,7.6,2,3,3.3,3.9,3.3,1.2,1.4,3.4,1.3,3.8,4.2,0.8,1.6,0.6,1.9,2,0.4
193,3.4,4.1,2.9,4.5,3.4,4.6,2.4,2.1,2.8,3.3,2.3,2,4.2,3.7,3.6,3.9,2.6,1.2,2.1,1.9,3.2,1.4,3.4,2.4,0.8,1.9,0.9,2.8,5.2,1.8,1.7,0.5,2.2,0.9,1.1
194,1.5,5.1,5.4,3.5,3.5,6.1,2.4,2.7,2.2,4.3,5.2,1.7,3.4,1.9,2.2,3.7,4,1,1.9,1.5,2,1.9,1.6,1.4,1.6,0.8,0.8,2.9,4,1.5,1.3,2.1,1.7,1.6,0.6
195,2.3,4.4,2.1,3.1,3.5,2.7,2.4,4.6,3.9,5.8,3.9,4.7,2.8,3.1,5.8,1.4,2.5,1.7,1.1,1.3,3.1,0.3,2.4,1.3,0.6,1.2,0.9,2.1,3.4,1,1.5,1.1,3.3,0.2,0.9
196,3.7,1.6,2,1.8,1.6,2.4,4.2,4,3.5,5.5,3.3,3,2.2,4.6,1.5,2.8,0.8,4.5,0.9,1.6,1.8,1.7,2.8,1.2,1.6,1.9,0.4,2.5,2.8,1.5,1.2,1,1.8,0.4,0.7
197,2.6,1.1,1.9,0.8,1.1,0.9,3.4,3.4,3.2,2.5,4.2,1.9,1.8,0.6,2.1,3.7,3.4,3.2,2.3,1.7,2.3,1.4,4.4,2.4,1.2,1.5,0.4,1.4,2.5,1.7,1.2,0.7,1.9,1.8,0.6
198,1.5,5,5.4,6.1,6.3,1.5,2.7,2.8,5,3.4,2.4,3,4,2.4,3.2,3.1,1.8,2.3,2.5,1.4,2.9,0.5,4,3.2,0.4,1.2,0.2,1.4,2.6,1.7,1.6,1.4,1.6,1.1,0.4
199,2.6,0.9,2.5,0.8,0.8,1.9,3.1,6.1,3.3,2.4,3.4,2,2.7,2.8,2.5,2.9,1.5,1.6,2.1,1.2,3.4,1.7,2.3,2.1,0.5,0.6,0,2.2,2.6,1.1,2.7,1.7,2,1.1,0.5
200,1.6,0.8,3.1,1.9,1.5,3.5,4.2,4.1,4.1,4.1,3.1,1.9,1.8,3.5,3.1,3.2,3.2,1,3,1.7,2.4,1.5,2.1,1.9,0.1,0.6,0.3,0.8,4.8,1.3,2.1,0.5,2.4,0.6,0.9
201,2.3,2.7,1.9,1.7,4,3.6,3.6,5.2,3.9,3.6,3.4,3.3,4.6,3.1,4.8,2,2.7,1.7,1,1.5,2.1,1.4,2.6,2.5,0.8,1,2.5,1.8,1.7,1.3,1.2,0.7,0.9,1.4,0.5
202,3.4,6.9,3.7,5,2.9,3,5.1,2.3,4.5,4.6,5.1,3.8,2.5,1.2,0.3,4.2,0.7,0.9,0.9,2.1,1.8,3.1,1.6,3.3,0.7,1.5,0.7,1.5,3.5,0.8,1.6,0.6,3.5,1.6,0.9
203,3.4,4.6,3,5.1,3,2,3.2,1,2.1,2.1,2.2,2,1.8,3,2.4,2.2,2.1,2.8,2.5,4.9,0.8,4.5,3.2,1.6,0.3,0.2,0.1,2.4,3.1,0.6,0.9,3.6,1.9,1.6,1.2
204,2.2,1.2,1.4,1.1,1.3,2.7,3.8,2.4,2.8,3.2,2.7,3.7,2.7,1.1,1.9,2.6,1.8,3.3,3,1.3,0.7,2.6,2.5,2.3,0.9,0,0,1.5,5.1,0.5,0.7,1,1.1,0.7,0.5
205,3,2.2,2.4,2.1,2.4,2.8,3.4,2.4,2.1,4.1,2.9,2.7,4.4,3,1.3,3.6,2,1.8,1.8,1.5,2,0.8,1.8,2.1,0.8,0.5,0.5,1,3.3,0.4,1.1,0.8,1.8,0.8,1
206,2.5,2.4,3.5,3.7,1,1.6,2.6,5.7,5,1.6,2.2,2,3.1,2.9,2.9,1.9,4.2,0.9,1.7,2,1.2,1.8,2.3,3.9,0.4,0.7,0.2,0.9,5.4,1.3,2.1,0.5,2.6,1.1,1.2
207,2.7,3.3,3.4,3.1,1.9,2.7,2.6,5,4.9,6.9,5.6,7,3.9,3.5,2.1,1.8,3.6,1.1,1.2,0.5,1.7,1.4,0.4,0.7,0.2,0.4,0.4,1.4,3.8,1.7,1.4,1.1,1.3,0.7,0.4
208,2.7,2.8,3.9,5.4,2.8,2.4,4.4,4.1,4.2,4.1,4.7,3.6,4.2,1.7,4.5,3.9,1.3,2.3,1.9,1.3,2.1,1.1,3.9,1.6,0.1,0.5,0.1,1.5,5.3,1.9,0.8,0.4,1,0.9,0.6
209,2.3,8.8,2.3,3.7,5.2,3.1,2.5,6,4.6,4.5,5.6,3.1,3.4,5.6,4.2,2,1.8,2.5,0.9,1,2.2,1.6,3.5,2.9,1,0.5,0.2,2.7,4.4,1.4,0.9,0.9,1.5,1.1,1
210,3.2,5.2,2.9,2.7,2.9,2.6,3,5.1,3.8,6.2,6.5,4.6,4.4,2.4,3.5,1.5,2.6,1.2,0.6,1.3,2,0.5,3.1,3.4,0.5,0.7,0.4,1.3,2.1,1.7,1.5,1,2.2,1,1.1
211,1.9,4.8,1.9,2.9,1.9,3.8,4.3,2.1,3.5,4.2,3.5,1.1,1.2,2.3,3,1.8,3,1.5,2.3,1,4.6,0.5,2.7,1.2,0.2,0,0.2,1,3.5,1.3,2.3,0.8,3.2,1.7,0.9
212,3,2.9,3.9,1.5,3.7,1.7,4.3,2.7,2,2.6,3.5,3.8,4.3,5.2,3.1,1.5,3.2,2.2,1.4,0.2,0.6,0.9,1.4,1.8,0.8,0.1,0,1.4,3.1,0.9,2,1.2,3.7,0.9,0.7
213,2.3,3,3.2,2.9,5.3,4.7,3.6,3.3,4.2,3,4.1,2.2,1.9,1.9,4.2,2.6,2.6,1,2,2.1,2.6,1.2,1.8,3,0.4,0.5,0.1,2.4,2.5,0.7,2,1.5,1.7,1,0.6
214,2.7,2.1,2.5,3.1,2.2,4.2,1.4,2.9,2.9,5.4,3.8,3.6,5.6,4.3,7.5,3.6,2.1,1.7,1.5,1.2,4.2,0.3,1.9,0.8,1.5,0.2,0.2,1.4,2.2,1.3,1.3,0.6,2,1,1
215,2.8,2.5,1.1,2.2,1.2,3.1,2.4,6.8,4.7,5.4,3.9,3.8,2.2,3.4,2.9,4.1,2.8,1.6,1.1,1.3,1,1.1,3.1,2.1,0.6,0.6,0.4,0.6,5.3,1.2,2,0.8,2.7,1.8,1
216,4.5,5.4,2.4,4.2,3,1.7,1.7,3.6,5.1,3.6,6.5,5.5,6.3,3.2,2.5,2.1,1.1,1.6,1.1,1.8,1.9,1.1,2.2,3.2,1.4,1.3,0.8,3.2,6,1.1,2.5,0.7,1.3,1.7,1.2
217,4.3,2.4,4.5,1.7,5.2,8.6,2.9,1.1,3,4.7,3.8,3.1,4.1,2.2,1.9,3,3.5,1.9,1.4,2.4,2,1.4,5.1,2.3,1.2,0.3,0.1,2,5.2,2.1,1.2,0.9,2.7,1.3,0.9
218,2.8,3.4,3,0.9,1.7,2.4,2.4,2.6,3.6,2.5,2.9,2.9,3.8,2.7,1.5,3.4,1.8,3.9,2.4,2,1.5,1.4,2.6,0.7,0.4,0.6,0.4,1.1,5.2,0.8,2.4,1,2.7,1,1.3
219,2.4,3.3,4.2,0.6,1.9,2,1.7,3.1,2.5,4,5.6,3.3,2.5,3.5,4.7,3.1,3.2,1.6,3.2,0.7,1.7,1.8,2.3,1.8,0.8,1,0.5,0.7,4.1,2.4,1.5,1,1.2,1,1.4
220,4.9,1.8,1.4,1.9,1.6,4.2,2.9,3.2,2.6,3.6,3.7,3.1,4.5,3.8,3.1,2.3,3.5,2.1,1.8,1.5,1.6,1.2,3,1.9,0.6,0.9,0.3,1.8,5.9,2.2,1.9,1.7,3,2,0.9
221,2.8,1.2,1.7,1.7,1.4,3.3,4.5,3,3.3,4,3.9,4.6,1.9,2.2,2.3,2.4,0.9,4.1,1.8,0.2,3.2,1.1,1.8,1.5,1.4,0.8,0.3,1.5,6.5,1.2,0.5,0.8,1.4,1,2.1
222,2.1,3.9,2.1,4.2,2,3.4,5,2,3.2,5.1,7.2,1.7,2.6,2,2.1,3.3,1.2,2,1.7,0.2,1.9,1.5,1.8,1.2,0.3,0.3,0.3,2.9,5.4,1,2,1.4,3,1.6,0.8
223,2.3,2.8,1.8,2.1,3,1.8,3.8,2.2,1.9,4.7,5,1.6,1.7,3.5,4.1,2.6,3.8,1.5,1.5,1.4,1.7,2.3,2.7,2.3,0.5,0.6,0.4,1.2,4.1,0.7,2.1,1.2,3.2,1.6,1.5
224,4.3,6,5.7,5.8,8.4,4,2.1,3.7,3.7,3,4.3,1.7,2.4,1.5,1.4,3.4,2.5,2.7,0.7,0.4,2.1,2.3,0.5,1.6,1,2.2,0.8,2.7,4.7,0.8,0.8,1.4,2.3,1.5,1.1
225,4.9,2.5,2.8,3,2.7,4.4,2.2,3.9,2.1,2.6,4.9,3.4,2.8,3,3,2.5,0.9,1,1.2,1,0.5,2.2,2.1,2.5,1.2,1.4,0.9,2.3,4.7,1.2,1.7,0.8,1.8,0.7,0.8
226,2.7,3.4,2.4,3.5,4.2,2.6,2.5,3,5.5,3.6,3.6,2.7,2.2,1.6,2.1,0.4,4.4,1.5,1,1.8,2.1,2.7,1.4,1.4,0.3,1.3,1,1.6,5.2,1.2,2.3,1.5,2.1,1,0.9
227,4.4,7.9,2.5,3.9,2.4,1.8,3,2.9,5.4,5,3.5,4,1.5,3.7,1.5,2.6,3.1,2.4,1.9,2.1,0.9,1.5,1.9,1.6,0.6,0.4,0.7,0.6,5,1,0.8,3.8,0.8,0.9,1.3
228,3.5,4.5,2.9,1.1,5.6,3.5,2.4,4,2.9,2.7,1.7,3.3,3.4,2.7,2.4,3.3,2.9,1,1.9,2.1,1.2,1.4,4.3,3.4,3.1,3.4,2,2.1,6.7,0.3,1.8,0.3,0.8,3.4,0.8
229,1.4,3.7,8.2,0.9,2.4,3.9,3.2,4.2,5.4,3.2,5.3,2.8,2.4,0.8,1.1,2.8,3.5,4.7,0.5,2.2,0.6,1.1,4.4,2.4,0.9,1,0.7,2.2,4.6,1.6,2.1,1.6,2.1,1.2,0.6
230,10.2,2.7,2.9,4.9,4.1,3.3,2.3,3.1,2.2,2.9,2.8,2.9,3.5,1.8,2.3,2.9,3.4,3.3,2.7,1.4,1.8,1.1,1.1,1.8,0.9,1.5,1.1,3,4.9,0.4,0.6,1.1,1.6,1.3,0.5
231,5.6,4.4,2.7,3.2,3.8,5,2.4,3.4,2.2,1.6,2.4,1.1,2,2.5,2,4.1,0.5,1.6,2.1,0.7,2.7,2,1.4,1.9,0.7,1.2,1,1.4,6.6,1.1,1,1.6,1.8,1,1.4
232,3.4,4.8,2.6,3.7,4.1,2.6,3.4,1.7,2.1,4,4.1,2.5,2.1,0.5,1.2,1.4,5.4,0.7,3.8,1.7,1.4,0.8,1.9,2,1,2.1,0.6,2.1,6.9,0.9,1.3,1.3,2.8,1.6,0.6
233,5.1,1.9,3.5,3.3,2.6,2,2.7,2.1,3.1,3.9,1.5,2.9,2.5,2.2,1.5,3.8,1.8,1.5,2.7,2,2.4,2.2,0.8,1.2,0.4,0.7,0.8,1.5,4.5,2.2,1.1,1.9,3.3,2,0.6
234,2.5,1.6,1,2.6,1.5,1.4,2.7,2.2,2.7,3.3,1.3,2.1,3.2,5.4,3,4.8,1.5,2,2,2.2,0.6,2,0.8,0.9,0.5,1.1,1.1,2.5,3.6,0.9,2.7,1.3,2,2.3,0.7
235,7,3.5,3.4,3.7,2.1,2.5,2,4.6,3.8,4.9,7,4.9,2.9,2.3,1.9,1.2,3.1,1.8,2.4,1.1,1.3,1.8,0.9,1,0.7,1.8,1.7,1.8,5.5,1.9,1.5,0.7,1.1,1.8,0.8
236,4.2,6.2,5.7,2.8,4.6,5.3,1.6,2.5,2.9,5,3.4,2,2.4,2.4,5.4,1.8,2.2,1.2,2.8,1,2.2,3,2.3,1.2,1.2,0.9,0.8,1,2,1.6,1.8,1.1,1.1,1,1
237,4.2,0.9,4.6,1.1,2.4,3.1,2.9,1.3,1.7,2.7,3.8,6,2.8,2,2.4,2.1,0.7,1.3,2.2,1.1,2.3,4.5,1.7,1.7,1.4,1.2,0.7,1,8.6,2.3,0.6,1.4,1.7,1.7,1
238,1.8,2.2,0.6,2.9,1.7,3.2,4.4,3.5,2.1,2.6,5,4.1,2.1,4.2,4.5,2.9,1.2,2.3,2,1.7,0.4,2.3,1.6,1.8,1.7,1.9,0.9,2.1,5,1.2,0.8,0.4,3.8,1.6,0.7
239,4.2,3.8,2,1.3,2.8,2.8,2.4,3.7,4.6,3.5,5.7,5.4,2.9,3.9,3.2,2.7,1.2,1.8,1.4,1.5,1.6,0.9,1.8,0.5,0.9,3,1.3,2.6,3.9,1.6,0.8,1.1,2.4,1.7,1.1
240,4.5,2.7,2.1,1.9,1.4,1.6,3.8,2.9,2.4,7.7,5.7,3.6,5.5,4.5,5.1,1.3,0.9,2.8,1.7,1.3,2.3,1.9,5,1.2,1.2,1.9,0.7,2.4,4.3,1,0.4,1.1,0.8,0.8,1.1
241,3.5,3.4,4.4,3.8,1.4,2.3,4.9,1.3,2.8,4.1,3.7,2.2,2,1.3,2.3,3,5.8,1.8,2.9,1.3,1.8,2,2.8,0.5,0.8,1.5,0.8,1.4,4.6,0.5,0.8,3.1,2.4,1,1
242,5.3,4.4,4,2.6,3.7,1.1,2.8,2,2.7,2.7,5.3,3.7,3.8,4.6,3.4,2.8,2.2,2.7,3.2,0.2,1.9,2.2,2.5,1.6,0.9,3.2,1.8,1.5,6.7,0.8,1.1,1.5,1.3,0.9,1.6
243,1.9,3.2,4.7,4.7,2.4,1.7,3.4,3.2,3.9,3.6,3.5,1.8,1.7,1.1,1.4,4.3,3.1,2,1.7,1,1.6,1.1,1.5,0.4,1.7,1.4,1.1,2.4,10.2,1.5,1.7,0.9,1.7,2.1,1.2
244,3.6,1.2,4.9,1.1,2.5,1.6,4,3,2.8,5.2,3.2,5.6,4.9,1.9,3.9,3.6,1.6,1,1.5,1.4,1.2,2.3,1.3,0.7,1.7,4.8,2.9,3.1,7.7,1.6,1.1,1.8,4.4,1.7,1.4
245,2.4,3.1,4.1,2,5.5,3.7,2.5,3.3,2.6,3.9,2.7,4.3,1.7,2.7,4.5,2.5,1,3.2,1.5,1,2.1,1.9,2.3,1.4,1.9,1.9,0.7,0.9,4.5,1.3,1.6,1.8,2.5,0.9,0.9
246,4,2.9,3.5,2.8,1.3,2.4,2.1,3.1,2.5,5.2,5.3,3.5,3.5,3.4,5,2.5,3,1.8,5.6,1.7,1.8,0.9,0.9,1.8,1.1,1.8,0.8,1.8,9.4,0.9,0.7,0.5,2.7,1,0.9
247,6.1,4,2.6,4.8,2.5,4,3,4.6,3.6,4.1,2.8,3.1,1.7,2.2,0.8,2.2,1.9,2.1,3.4,1.3,1.8,1.9,3.5,1.8,1.3,1.9,0.8,2.6,10,3.3,1.4,0.8,1.8,0.8,0.4
248,2.4,2.9,4.3,2.5,3.4,3.4,3.3,3,2.9,4,2.2,2,1.4,1.9,2,2.1,2.2,1.9,2.1,0.2,2,2.9,1.9,1.6,1.1,2.1,1.2,2.9,9.4,2.1,1.4,1.2,3.1,0.9,0.6
249,2.6,4.6,3.3,2.2,3.8,4.9,2.7,2.5,3.2,5.6,6.6,2.9,3,0.5,2.4,1.2,1.8,1.6,3,0.6,1.7,1.7,3,2.7,1.8,1.9,0.8,3.4,8,1.6,1.4,0.8,2.5,1,0.8
250,6.2,1.7,4.4,1.9,3,1.4,2.9,1.9,1.9,2.1,1.4,1.9,0.5,0.2,0.4,1.6,0.5,2,2.8,0.5,1.4,2.3,2.5,2.2,1.1,1.1,0.7,1.3,5.9,1.2,1.3,1.3,1.9,0.7,0.8
251,4.3,0.7,2.4,0.5,1,0.9,2.9,3.4,3.4,1.9,2,2.6,2.9,2,1.1,6.6,3.1,3.8,1.6,1.1,1.9,1.5,2.2,0.7,0.7,2.2,1.8,2.4,12,1.5,1,2.1,2.7,0.6,0.8
252,2.3,2,2.2,4.3,2.4,5,2.4,4.1,3.6,3.9,3.3,1.8,1.4,1.8,3.1,3.2,1.6,2.1,1.6,1.4,1.9,0.6,2.2,1.8,0.9,1.4,0.8,2.5,8.1,0.7,1.9,1.3,2,0.7,1
253,5.1,1.8,3.6,1.8,4.6,1.6,3,5.5,4.7,6.3,4.3,3.1,3.4,3.4,2.8,7,1.6,2.8,1.2,0.5,0.7,1.2,1.9,1.3,1,2.6,2,1.2,4,0.5,1.1,1,0.7,0.8,0.4
254,5.8,5.2,3.9,3.6,6,3.7,3.2,4.3,4.7,4.4,4.3,2.8,4.1,2.6,2.3,2.3,1.8,1.2,1.5,1.8,0.7,0.7,3.1,2.3,0.8,1.5,1.2,1.6,3.8,0.5,1,0.8,0.7,0.7,0.8
255,5.6,2.2,4.7,0.9,3.3,3,2.9,3.7,3.9,4.6,3.7,5.1,4.2,1.3,2.1,2.1,3.6,2.1,2.1,1.8,3,1.5,0.9,4.3,0.8,0.7,0.3,1.3,6.1,1.3,1.3,0.5,1.9,0.6,0.7
256,4.1,2,1.4,2.1,1,0.9,3.7,3.9,3.2,3.5,3.2,3,3.2,4.6,4.8,3.8,1.2,2.9,1.5,1.1,0.9,0.9,1.4,1,1.5,2.2,1.7,1.8,5.1,1.8,1,0.6,1.6,0.7,0.6
257,2.6,6,5.4,6.1,4.5,3.5,3.6,2.5,3.3,5.4,4.3,5,3.2,4.3,3.3,2.8,0.6,2.7,1.8,1.5,0.8,1.5,0.8,1.5,0.8,1.3,0.6,1.1,8.1,1.3,1.1,0.4,1,0.5,1
258,5.5,4.8,6.1,3.8,4.5,4.5,3.8,2.2,2,3.2,2.8,1.8,1.9,1.8,1.6,1.8,0.8,2.1,2,1.2,1.3,1,1.2,0.6,0.3,1.6,0.7,1.4,10.4,1.4,1.2,1.5,1.2,1.3,0.8
259,2.3,3.1,3.8,3.1,0.9,0.7,3.6,1.7,3.1,2.1,1.4,1.1,1,1.7,3.1,3.8,1.5,1.9,1.2,0.8,2.3,0.9,2.1,1.6,0.9,3.8,1,2,10.2,1.5,0.9,0.8,1.2,0.9,1
260,2.6,1.9,2.7,2.4,1.5,1.6,3.1,2,2.8,3.4,3,2.8,2.5,4.3,3.4,2.3,1.9,1.9,1,0.8,1.5,1.7,1.4,1.9,0.4,2,1.4,1.3,8,0.6,0.8,0.9,1.1,1.5,0.6
261,6.2,4.3,5.7,3.6,2.3,3.6,3.6,1.8,1.4,3.1,3.4,2.2,2.9,4,4.2,3,1.1,1.7,2,1.6,0.5,1,1,1,0.4,1.4,1.4,1.2,7,1,1,0.4,2.6,1.7,0.9
262,5.2,1.5,2.2,1.3,2.1,2.5,4.9,1.7,1,1.8,3.2,0.6,0.9,0.9,1.6,5.7,1.3,1.2,1.8,1,0.8,0.9,1.6,2.5,1.3,2.1,1,1.6,8.3,0.5,1,1.2,1.2,0.5,1
263,2.7,2.8,2.6,2.3,2.5,2,3.5,2.9,3.2,6,2.5,2.7,2.9,1.2,2.5,3.5,2.6,1.3,1.6,1.7,0.4,0.4,0.9,1.2,0.4,2.6,0.9,0.9,7.9,0.9,1.4,0.6,1.7,0.7,0.6
264,5.6,3.2,2.1,5.6,2,3.4,3.7,3.2,3,3.5,3.8,2,3.8,2.9,3.4,1.9,2.4,1,1.2,3,2.2,0.4,1.5,1.9,0.2,1.7,1.9,1.9,9.6,0.7,1,0.5,0.9,0.6,1
265,1.8,7.1,4,4.5,5.5,3.6,3.4,2.5,4.4,4.7,5.2,3.1,3.3,4.5,5.4,2.1,2.4,2.6,1,0.9,0.9,1.9,1.1,0.2,1,3.1,2.2,2.6,9.9,1.2,1,0.3,1.7,0.9,0.9
266,2.4,5.2,3.7,5.5,4.2,3.6,4.6,4.3,4.6,4.2,3.5,2.9,2.7,1.5,3.3,2,0.2,0.8,1.3,0.3,0.5,1.5,0.5,1,1,3.3,1.1,3.6,10.3,1.3,0.5,0.4,1.7,0.7,0.4
267,4.9,3,2.1,3.5,3.3,3.4,3.2,3.6,3.5,4.2,2.2,1.7,1.5,3.1,2.3,2.5,3.5,1,2.3,1.3,0.5,1.8,1,0.7,1,0.8,0.8,2.9,9.8,1.9,1.6,0.5,2.2,0.6,0.4
268,4.2,1.5,1.3,1,1.7,3.5,2.2,2.7,2.4,2.7,3,2.1,1.3,1.8,2.6,1.6,1.1,2.4,2.7,2.3,1,0.9,1.6,3.8,0.9,0.6,0.7,1.1,8.4,0.8,0.8,0.5,1.3,0.8,0.8
269,2.7,4.2,3.5,3.2,3.6,3.8,1.9,5.9,4.3,4.8,4,5.9,5,2.7,2.7,2.5,1.2,2.7,1,0.5,1.3,0.6,1.2,2.3,0.3,1.7,0.7,1.7,7.3,0.3,1,1.3,0.8,0.3,0.8
270,5,3.4,3.7,4,3.4,4.6,3,4.8,3.3,5.7,4.8,4.2,3.9,1.9,2.5,1,1.4,0.3,2.1,0.7,0.5,0.5,0.6,0.5,0.6,1.8,0.6,2.2,8.7,0.6,0.9,1,1.3,0.6,0.7
271,3.5,2.4,3,2,3.4,1.9,1.3,2,3.1,1.9,2.2,1.6,2.3,2.8,1.9,1.1,1.6,2.6,1,0.9,1.2,0.7,0.5,0.5,0.5,2.5,1.5,2,12.3,1.3,1.1,1.4,2.3,0.7,0.6
272,6.5,5.2,4,5.2,4.9,5.1,3.2,4.9,4.3,5.5,3.2,2.4,3.3,3.2,4.6,2.6,1.3,1.3,0.9,0.5,0.8,0.9,1.1,0.5,0.4,2,0.9,2.1,12.6,1.3,0.9,1.3,1.3,1.8,0.6
273,5.6,2.2,4,1,2.1,2.9,2.2,3.7,5,5.3,3.4,2.8,3.1,1.8,3,5.1,2.1,1,1.8,0.8,1.5,1.1,1.1,0.2,0.5,2.1,1.1,2.5,10.8,1.5,1,1.6,1.3,0.8,0.4
274,3.7,2.6,3.5,4.5,3,2.8,2.9,4,3.1,3.9,3.4,3.1,2.8,2.6,2.2,2,0.6,1.1,0.7,0.2,0.9,1.5,0.7,0.8,0.6,3.3,1.3,2.6,7.5,0.6,1.1,0.4,1.6,0.8,0.4
275,6.6,6,5.1,4.7,6.1,3.8,2.6,2.1,2.9,5.2,3.8,3.7,3.8,2.4,2.9,2.5,1.3,1.9,2.1,1.4,1,1.2,1,0.5,0.3,1.4,0.7,2.2,9.4,1.8,2.3,0.7,1.4,1,0.8
276,5.4,4.9,6.5,4,4.7,4.1,2.9,3.8,3.3,4.6,3.7,2.8,3.4,1.8,1.8,2.6,1.5,1.9,1.7,0.8,2.2,1.1,1.2,0.4,0.3,1.9,1.9,2.4,13.2,1.3,1.3,2.1,1.1,1.2,0.5
277,5.8,4,5.7,4.4,5.8,6.1,4,2.7,3.1,4.1,3.8,2.2,2,2.6,4.2,1,0.9,1.3,2.4,0.8,0.9,2.1,0.8,0.4,0.2,1.3,1.1,0.7,13.3,1.9,0.4,2,1.5,0.7,0.6
278,4,3.8,6.1,1.6,3.2,2.7,2.4,2,2.4,4.1,3,2.7,4.5,1.3,1.2,1.9,0.2,0.9,1.8,0.9,0.6,1.2,0.6,0.6,0.9,3.1,2.2,1.8,15.8,0.6,0.8,1.5,0.8,0.8,1.1
279,6.8,4,2.8,1.8,2.1,1.7,2.2,2.9,3.3,3.7,5.7,2.1,2,2.6,2.6,1.9,0.7,2,2,1.7,0.6,1.2,0.2,0.4,0.6,3.5,2.1,1.2,10.1,0.6,1.1,0.5,2.2,0.5,0.7
280,5.4,5.8,5.3,4.4,3.9,3.3,1.5,2.6,3.1,2.9,2.5,2.2,2.1,1.8,1.8,3.2,0.9,0.9,2.1,0.4,0.4,1.5,0.8,0.8,0.2,4,1.6,2.2,10.9,0.8,0.8,1.2,1.4,0.9,0.5
281,6.5,2,2.5,1.2,2.7,3,9.9,3.3,2.2,3.5,3.5,2.6,2.7,2,3.7,3.6,0.7,1,1.4,0.4,0.6,1.4,0.8,0.3,0.3,2.8,1.8,3.4,14.1,0.9,1,1.3,1.5,0.8,2.1
282,4.4,3.3,5.2,3.6,3.7,4.2,2.1,2.3,3.4,5.7,4.1,5.7,4,2.9,3.3,4.9,0.6,1.2,1.1,0.6,1,1.2,0.4,0.7,0.5,2.9,2.3,2,14.8,0.9,0.6,1.7,1.6,1.3,0.2
283,7.1,6.2,3.4,6.1,6.3,4.3,1.4,2.5,2.4,3.4,3.6,2.6,2,1.5,3.3,2,2.1,0.9,1.9,0.3,0.6,1.2,0.7,0.7,0.4,2.5,1.3,1.9,13.3,0.2,1.3,0.6,1.5,0.8,0.4
284,5.7,5.4,5.7,2.8,6.2,2.2,2.1,2.8,2.5,2.8,2.2,1.4,1.6,0.7,1.9,3,1,0.9,1.9,0.2,0.3,0.7,0.3,0.6,0.7,1.8,1.4,0.9,10.8,0.5,1.4,1.5,1,1,0.3
285,5.7,3.3,4.5,2.3,2.3,3.5,2.8,2.1,3,4.1,3.8,1.9,2.1,2.2,3.1,2,0.9,1.7,1.3,1.2,0.6,1.1,0.5,0.6,0.7,3.9,2.7,1,9.8,0.3,0.7,1.6,1.5,1.1,0.3
286,4.3,2.4,3.4,2,2.5,1.8,2.4,2.4,2.7,2,2.2,1.9,2.7,1.8,3,1.3,1.1,0.8,2.5,0.7,0.4,1.5,0.6,1,0.2,3.7,2.9,2,10.8,0.4,1.4,0.7,1.8,0.8,0.6
287,4.8,2.3,2.9,3,2.3,2.4,10.6,3.2,4.6,5.7,3.1,2.3,1.7,1.3,1.7,1.7,1.1,1.5,1.8,0.3,0.4,1.5,0.5,0.5,1,2.9,1.7,2.5,8.8,0.5,1.6,1.4,1.4,0.7,0.3
288,4.2,3.7,4.6,3.1,4.8,4.9,3.9,2.2,1.8,1.9,3.5,2.4,2,1.9,2.1,1.6,2.5,1.2,0.7,0.4,0.6,1.1,0.1,0.6,0.5,1.3,0.9,1.6,12.2,0.7,0.9,1.6,0.5,1.3,0.3
289,4.3,2.9,3.5,2.4,2.4,2.6,4.1,1.8,3,3.8,1.7,1.8,2,1.4,2.3,1.6,1,2.1,1.9,0.3,1.7,1.2,1.2,0.5,0.4,2.8,1.9,1.4,11.9,0.4,1.7,0.6,0.9,0.8,0.3
290,5.2,2.8,4.4,3.2,2.2,1.7,1.9,1.8,2.5,2.6,1.7,2,2.2,3.3,4.2,2.8,0.8,1.7,0.9,0.3,0.6,0.9,0.6,0.1,0.2,2.3,1.5,1.8,10.8,0.5,0.6,0.5,1.1,1.5,0.5
291,4.9,6.9,5.7,7.4,3.5,2.1,2.9,1.8,2.2,2.4,3.3,2.6,2.1,1.9,3.3,1,0.6,1.1,1.2,0.9,0.1,1.7,0.9,0.2,0.5,2.6,2,1.8,14.2,1.4,1,1,1.6,1.6,0.5
292,4,4.7,5.2,3.1,4.6,1.2,3.2,1.6,1.3,1.7,2.2,2.2,2.3,2.9,3,1.7,1.2,0.9,1.7,0.4,0.1,0.6,0.3,0.4,0.2,3.7,2.6,2,16.4,0.6,0.6,1,2.2,1.1,0.3
293,3.5,5.9,6,6,4.1,3.8,2.3,2.6,3.2,3.8,3.6,4.5,2.8,2.6,2.4,1.1,0.4,0.2,0.9,0.6,0.9,0.6,0.6,0.3,0.2,5,2.9,3,13.8,0.6,0.9,1,1.2,0.6,0.3
294,5.7,5.1,6.5,5.4,3.9,5.8,4.2,1.5,3,4.1,3.4,2.9,2.8,3.9,3.7,1.2,1,1.1,0.8,0.7,1.1,1.5,1.3,0.6,0.6,4.8,4,2.7,12.1,0.6,0.9,0.8,1.7,0.8,0.4
295,2.5,3.9,3,2.3,3.6,2.9,3.1,2.8,1.9,1.6,1.6,2.8,3.4,3.3,3.5,1,0.3,1.5,0.8,1,0.7,0.7,0.3,0.3,0.5,6,4.3,1.8,13.4,0.8,1.7,0.5,0.9,0.7,0.4
296,4.2,1.4,2.7,2.1,2,2.2,2.3,2.4,3.3,4.2,3.7,3.1,2.3,1.6,2.1,1.8,0.8,1.1,2,0.4,0.6,0.8,0.1,0.2,0.8,4.7,2.9,1.5,12.6,1,1.2,0.7,0.5,1.4,0.3
297,3,5.8,3.9,4,3.2,4,2.1,1.4,1.4,1.7,2.2,1.4,1.9,1,2.1,2.3,0.2,0.7,1.8,0.9,0.6,1.1,1,0.5,0.6,4.7,4.4,1.5,14.1,0.5,0.9,1.9,1.2,1.2,0.1
298,3.3,2.7,4.1,3,2.2,3.9,1.5,3.1,2.5,2.9,2.4,2.6,3.3,1.8,1.7,0.9,0.2,0.9,0.8,0.1,0.7,1.4,1.4,0.6,0.6,5.5,2.9,2.6,12.1,0.5,0.4,0.5,1.5,1.1,0.3
299,5.4,6.9,5.5,5.1,5.5,3.7,2.5,0.8,2.2,1.9,2.5,1.8,1.7,0.6,0.8,0.5,0.4,1.4,0.8,0.4,1.6,1.4,0.6,1.3,0.4,5,3.9,1.3,10.8,0.6,0.7,0.7,1.3,0.8,0.1
300,6.1,3.3,6,3.9,4.1,3,2.6,1.4,1.8,2,2.1,2.2,1.7,2.1,2.2,3.5,2.3,2.5,1,1.4,1.2,1,0.5,0.6,0.7,5.1,3.7,2.1,12.6,0.5,0.6,1.3,0.7,0.7,0.2
301,6.1,1.9,3.5,1.9,3,2.4,1.6,3.3,2.4,3.9,4.6,2.9,2.1,1.1,1.2,1.8,1.7,1,1.3,0.5,0.3,1.3,0.3,0.2,0.4,3.1,1.3,1.5,10,0.3,1.7,1.6,1.1,0.7,0.6
302,3.9,7.1,7.7,4.3,5.6,4,2.4,0.7,1.9,0.9,1,1,1,2,2.7,1.2,0.5,0.4,1.9,0.6,0.1,0.9,0.1,0.1,0.4,5,2.5,1.7,12.1,0.9,1.1,1.5,1.2,1.1,0.2
303,5.8,2.4,3,2.6,1.7,1.5,2.2,1.1,1.1,0.7,0.5,0.5,1.1,1.2,1.2,1.3,1.6,1.4,1.5,0.5,0.8,1.2,0.3,0.3,0.5,3.3,2.5,2.3,12.6,0.9,0.7,0.7,0.8,0.7,0.2
304,3.9,4.4,3.2,2.6,2.3,1.7,1.6,2.4,2,2.4,2.4,2.1,1.2,1.8,1.2,2,0.6,1.5,1.1,1.3,0.6,1,0.4,0.4,0.9,7.3,4.1,2.3,14.4,1.3,0.6,1.2,1.4,0.8,0.2
305,3.9,3.8,3.6,3.5,2.7,3.7,2.5,0.6,2.7,3.7,3.8,4.6,3.7,3,3.9,3.9,0.7,1.5,1,0.7,1.6,1.1,0.4,0.2,0.5,5.3,4.8,3.6,14.5,0.6,0.4,0.7,1.1,0.8,0.3
306,4.3,4.4,2.9,3.9,3,4.3,2.2,3.5,2.3,2.6,2.5,3.7,3.9,4,5.2,1.9,0.7,1.6,0.8,0.3,1.5,1.1,0.5,0.4,0.7,4.3,4.9,2,12.3,0.8,0.5,1.4,0.7,0.4,0.4
307,4.2,5.5,6.2,5,3.3,4.8,4,3.9,3.9,4.1,3.3,2.8,2.4,1.4,2.8,1,0.6,1.3,2.3,0.6,0.4,0.9,0.3,0.2,1.2,8.7,6.7,2.5,15.4,0.8,0.9,0.7,0.8,0.9,0.3
308,4,3.3,4.1,1.9,1.9,1.8,2.4,4.4,4.7,4.2,3.6,1.8,3.5,3,2.9,0.9,0.7,1,1.4,0.7,0.9,0.6,0.9,0.6,1.1,5.9,4.6,2.5,8.8,0.3,1,1.8,1.8,1,0.1
309,5.1,4.5,3.5,4.7,2.9,3.8,2.7,3,3.2,3.3,5.5,3.7,3.2,2.3,3.4,0.5,0.2,0.7,2.3,0.2,0.4,0.8,0.4,0.6,0.6,4.8,2.6,1.9,11.2,0.8,0.7,0.5,0.6,0.9,0.2
310,3.9,8.5,7.8,4.6,5.3,4.5,2.6,2.6,2.2,4.1,3.1,3.4,2.2,0.8,2.1,0.7,0.6,0.4,1.7,0.2,0.6,0.9,0.5,0.4,0.7,4.8,2.9,1.2,9.6,0.6,1.4,0.7,0.9,0.5,0.3
311,4.7,4,4.5,2.6,4.6,2.4,2.4,2.2,1.3,1.7,2.2,3.9,2.5,2.9,2.4,1.3,1,1.2,0.9,0.2,0.5,0.7,0.8,0.1,0.7,5.1,4.2,1.4,10.8,0.7,0.8,0.5,1.2,0.4,0.1
312,2.3,4.5,4.9,4.6,3.6,2.7,2.1,2.4,1,2.8,3.1,3.5,3.7,2,2.2,2.2,1.3,0.7,1,0.3,0.3,0.7,0.2,0.5,0.7,4.2,3.2,1.9,9.2,0.8,0.8,0.5,0.9,0.3,0.2
313,5.1,4.5,5.4,5.1,4.8,3.1,1.1,1,1.2,2,2.7,3,2,3.2,2.9,2,0.3,0.7,1,0.5,0.2,0.6,0.3,0.8,0.8,7.3,5.3,1.6,4.8,0.4,0.8,0.9,1.4,0.5,0.1
314,2.4,5.6,2.6,5.1,2.9,4.1,1.9,2.7,1.9,5.4,3.6,4.1,4.5,5,4,2,0.6,1,1,0.1,0.2,1.3,0.2,0.4,0.6,5.6,4.6,1.1,11,0.4,0.7,0.8,1.5,0.4,0.2
315,5.6,6.7,9,6,5,3.4,2.1,3,4.1,4.3,5,3.1,2.4,1.6,3.2,1.1,0.5,0.6,0.9,0.3,0.4,0.5,0.7,0.3,1,4.9,5.6,1.5,12.1,0.6,1.1,0.7,1,1.1,0.3
316,7.1,5.6,7.1,3,4.9,2.3,1.9,4.2,3.3,4.5,2.5,2.5,2.9,1.9,3.1,1.9,0.4,0.5,0.8,0.5,0.3,0.5,0.9,0.6,0.5,4.3,2.7,1.3,8.3,0.7,1,0.7,0.7,0.6,0.6
317,4.2,5.5,5.4,5.4,3.5,6.2,2.2,2.6,3.1,3.6,3,3,3.2,1.6,2.1,0.6,0.6,0.6,0.9,0.4,0.8,1.2,0.4,0.3,0.4,4.2,4.3,1.4,7.9,1,0.7,1,1,0.6,0.3
318,8.3,5.7,7.6,4.6,5.9,3.2,2.8,1.3,2.5,3.9,2.9,3.1,1.8,2,2.1,0.9,0.5,0.9,0.7,0.3,0.8,1.5,0.3,0.4,0.6,4.7,4.3,1.6,8.9,0.8,1,1.3,1,0.6,0.4
319,6.2,4.9,5.4,5.8,3.7,2.5,1.2,1.2,1.5,2.4,2.9,2,3.1,3.1,4.2,1,1.3,0.7,0.6,0.4,0.6,1.4,0.6,0.2,0.7,5.6,4.4,1.5,12.8,0.9,1,1.4,0.5,0.4,0.1
320,5.5,3.1,2.9,3.3,4.6,3.3,1.7,1.8,2.3,3.5,3,3,2.8,3.1,3,2.3,0.4,0.6,1.2,0.5,0.2,1.6,0.5,0.6,0.8,5,3.2,1.8,7.5,0.7,0.4,1,1.2,0.7,0.2
321,4.6,5.2,4.7,5,4.4,3.2,2.2,3.6,2.2,4.4,2.7,2.6,2.6,1.7,2,1.5,0.9,0.5,1.1,0.4,0.4,1.2,0.4,0.5,0.4,4.2,3.2,1.6,9.7,0.3,1,0.4,1.2,0.7,0.2
322,5.6,6.2,5.7,4.9,4.7,3,3.8,1.5,2.1,3,3.3,3.2,1.9,1.3,1.9,1.8,0.4,0.9,1.5,0.3,0.4,0.5,0.9,0.3,0.3,4.8,3.2,2.2,12.6,0.6,0.9,0.5,0.4,0.5,0.2
323,8.3,5,6.2,3.5,4.2,2.6,1.8,2,1.9,2.2,1.5,1.7,1.5,1.4,3,2.7,1.4,1.4,1.1,0.3,0.8,0.8,0.8,0.2,0.5,8.8,7,2.1,12.1,0.7,0.9,0.6,0.8,0.2,0.2
324,2.5,4.6,3.1,5.5,3.4,4.1,2.3,2.1,2.5,3,4.2,3.6,3,3.9,6.2,5,1.2,0.7,1.2,0.3,0.5,1.3,0.7,0.6,0.7,4.3,4.2,1.4,10.2,0.4,0.7,1.1,0.9,0.6,0.3
325,5.3,8,8.2,5.5,6.4,6.4,2.2,2.6,3.1,5.5,5,3.8,2.9,1.5,2.3,2.8,1,1.4,1.9,0.5,0.7,1,0.3,0.5,0.8,5.6,6.3,1,8.4,0.5,0.9,0.5,1.1,0.8,0.1
326,3.9,5,3,6.3,4.7,3.7,2.1,1.4,1.6,1.3,1.4,1.5,1.4,1.2,1.5,1.3,0.5,1.2,1.5,0.7,0.6,1.1,0.7,0.2,0.5,3.9,3.4,1.2,7.6,0.7,0.6,0.5,1.2,0.5,0.2
327,3.1,3.5,3.5,2.8,2.4,2.9,2.3,4.7,1.7,2.2,2.9,2.1,2.5,3,3.5,1.9,0.3,0.5,1.2,0.2,0.4,1.2,0.5,0.1,1.5,8.6,8,2.5,7.3,1.1,1.2,1,0.8,0.5,0.2
328,4.9,3.9,6.3,4,3.4,2.9,3.4,2.7,3.8,3.5,3.6,2.5,2.3,1.3,2,0.7,0.8,1.3,1.6,0.5,0.9,0.9,0.5,0.6,1.2,5.6,5,2.1,9.2,0.6,1.1,0.9,1,0.3,0.2
329,3.1,4.5,4.9,4.3,3.3,4.5,2.2,1.4,3,3.7,4.4,1.8,2.6,2.2,3.4,0.5,0.5,0.7,0.9,0.3,0.6,0.9,0.7,0.6,1.6,6.4,4,2.1,6.4,1,1.4,0.5,1.2,0.3,0.3
330,7.3,8.8,5.9,5.1,5.7,4.6,2.4,1.5,2.8,5.2,4.8,5,4.2,2.2,3.8,3.6,1.7,0.8,1.4,0.6,0.3,0.5,0.6,0.3,0.8,4.5,3.8,1.2,10.7,0.8,0.8,0.4,2.2,0.4,0
331,5.9,3.5,6.4,3.3,3.4,2.5,1.5,2.5,2.9,3.4,2.2,3.9,3.2,3.5,4.3,1.8,1.1,0.4,0.9,0.5,0.2,0.6,0.4,0.6,0.8,7.9,5.9,1.4,10,0.7,1.4,0.6,1,0.5,0.2
332,3.2,5.8,4.1,6.6,3.8,4.4,1.3,2.5,2.8,5.3,4.1,4.4,4.5,4.5,4.9,1.3,0.9,0.9,0.2,0.3,0.4,0.8,0.6,0.5,0.4,5,4.2,1.1,12.6,0.8,0.9,0.9,0.3,0.5,0.2
333,3.9,6,6.4,6.3,5.4,4.2,3.1,2.7,2.1,3.1,2.4,3.5,3.2,2.1,1.7,0.9,0.9,0.4,0.8,0.3,0.3,0.9,0.4,0.4,1.1,8.2,5.6,2.4,14.1,0.5,0.5,0.8,0.6,0.7,0.3
334,5.1,4.1,4.5,3.3,3.1,3.3,1.6,2.1,2.2,2.6,2,1.8,1.8,0.5,1.1,0.8,0.2,0.3,1.2,0.5,0.6,0.8,0.9,0.4,0.9,6.1,4.2,2,9.7,0.5,0.7,0.6,0.9,1.1,0.3
335,4,5.2,3,3.9,3.4,4.7,1.6,1.8,1.5,2.3,1.4,1.1,1.6,1,2,0.7,0.5,0.5,1.2,0.5,0.4,0.8,0.7,0.6,1.4,6.4,5.3,1.8,8.4,0.3,0.3,0.4,1,0.7,0.2
336,2.6,4.1,2.9,4.2,3,3.1,2.5,2.6,1.5,2.2,1.5,3.2,2.7,2.5,3.8,0.4,0.9,0.5,1.1,1.1,0.6,0.4,0.4,0.4,0.7,5.6,5.3,2.2,8.2,0.5,0.6,0.6,0.7,0.4,0.4
337,4.1,7.1,6.5,7.4,5.7,6.2,2.9,3.8,3.6,4.2,4.7,4.1,3.7,2.9,3.7,1.3,0.6,0.7,1,0.6,0.5,0.7,0.7,0.2,0.8,7.2,8.4,2,10.9,0.9,0.9,0.4,0.5,0.3,0.1
338,6.4,6.4,6,8.5,6,8.2,3,1.8,2.7,3.9,2.9,3.1,2.9,2.7,2.9,1,0.6,1.4,1,0.5,1,1,0.5,0.1,0.7,5.1,5.1,0.8,9.1,0.6,0.2,0.6,0.5,0.9,0.1
339,5.7,7.1,7.7,5.4,5.5,3.8,3.5,2.7,2.5,4,2.7,2.4,2.2,1.9,3.8,0.6,0.4,0.3,1.1,0.3,0.2,0.5,0.2,0.1,0.9,5.1,5,1,11.7,0.5,0.4,0.5,1,0.8,0.2
340,4.1,6.2,7,5.5,5,4.3,2.1,3.1,2.7,3.9,4.9,2.6,3.7,4.2,6.1,0.9,0.7,0.7,1,0.5,0.7,0.6,0.3,0.7,0.5,4.7,3.5,1.2,9.3,1,0.7,0.4,1.1,0.6,0.1
341,5.5,5.2,5.7,5.9,4.1,3.2,1.9,2.5,2,2.5,3,3,2,1.7,4.3,0.6,0.8,0.7,0.4,0.4,0.5,0.8,0.6,0,1,6.5,3.5,2.6,13.5,0.6,0.8,1,0.9,0.4,0.1
342,4.3,3.1,3.4,3.2,3,1.7,0.7,2.1,1.4,3.2,2.9,3.5,2.5,1.7,2.6,2.4,1.2,1,0.5,0.3,0.8,0.8,0.6,0.2,1.1,7,5.2,2.2,10.4,0.8,0.9,0.5,0.7,0.5,0.2
343,3.5,6.6,4.9,6.2,4.3,4.4,0.8,3.3,2.5,4.2,3.3,3.7,5.3,2.1,2.5,1.4,0.4,0.5,0.7,0.4,0.7,0.4,1.3,0.7,1.6,6.4,5.9,2.2,11.6,0.7,0.9,0.3,0.4,0.9,0.1
344,5.4,7.3,5.5,3.5,4.2,2.9,1.6,4,3.3,3.9,2,2.2,2.5,3.2,3.1,1.2,0.5,0.8,0.5,0.5,0.8,0.8,1.1,0.6,1,5,5.4,1.9,11.4,0.6,1,0.4,0.8,0.5,0.2
345,3.5,6.3,6.7,5.5,3.7,4.4,1.5,2,2.4,3.1,2.1,2.6,2.1,1.9,2.8,1.4,0.8,1.1,0.6,0.6,1.2,0.8,0.6,0.4,1.1,4.8,4,1.4,7.2,0.3,0.5,0.5,0.6,0.3,0.2
346,3,4.8,5.6,4,4,1.3,1.9,3.2,2.5,3.9,3.6,3.3,3.6,3.1,2.8,1.9,0.5,0.6,0.4,0.9,0.4,0.9,0.4,0.3,1,5.6,4.1,1.2,7.8,0.5,0.3,0.4,0.3,0.9,0.1
347,5.3,2.6,4.5,2.4,3.1,2.7,1.2,2.6,2.2,3.8,2.9,2.2,1.9,1.1,1.9,2.2,1.1,0.3,0.6,0.4,0.4,0.8,0.3,0.3,0.9,5.9,5.5,3,12.6,0.7,1.1,0.4,0.4,0.6,0.1
348,4.7,3.4,4.8,3.5,3,4.3,1.6,1.6,3,4.6,4,1.5,1.9,1.1,1.5,0.9,0.1,0.8,0.3,0.2,0.4,0.8,0.4,0.3,0.8,6.2,5.4,1.7,11.3,0.7,0.7,0.5,0.4,1,0.2
349,5.4,5.2,4.8,5.3,4.5,3.2,0.9,2.7,2.5,3.4,3,3.4,2.7,2.4,4.2,1.9,0.3,0.2,0.4,0.4,0.6,0.6,0.8,0.4,1,7.3,6.1,1.3,8.6,0.6,0.8,0.8,0.7,0.8,0
350,4,6.1,7.1,3.5,4.6,5.1,1.3,4.7,3.2,4.3,4,2.4,2.5,0.9,2,1.9,0.5,0.4,0.7,0.3,0.4,1.4,0.8,0.3,0.6,4.8,4.2,2.4,6.4,0.7,0.7,0.9,0.6,0.2,0.2
351,4.9,6.9,4.4,4.8,5.1,4.6,1.2,3.4,2.2,3.9,3.4,2.5,1.9,0.8,1.2,2,0.8,0.7,0.7,0.6,0.6,0.9,0.6,0.8,1.2,7.4,5.2,1.6,8.8,0.4,0.5,0.3,0.3,0.2,0.2
352,9.1,3.6,6.8,3.9,3.8,2.6,1.7,1.2,1.9,1.6,2.1,1.9,1.7,1.8,2.1,1.1,0.3,0.7,0.4,0.8,1,1,0.6,0.3,0.7,4.4,3.5,1,7.7,1.3,1.1,0.6,0.4,0.3,0.2
353,3,4.7,5.1,4.7,4.8,2.7,1.2,1.6,1.4,1.7,1.3,1.3,1.5,2.3,2.7,0.8,0.9,0.7,0.2,0.3,0.3,0.4,0.3,0.3,1,5.8,4.7,2.6,12.7,0.7,1.1,0.3,0.3,0.8,0.2
354,4.4,2.7,2.2,2.6,2.2,1.6,0.7,3.4,2.4,3.6,1.8,3,2.9,2.3,3,1,0.4,0.5,0.4,0.3,0.5,0.5,0.4,0.3,1.5,6.5,4.8,1.4,9.4,0.6,0.8,0.4,0.4,0.4,0.2
355,4.9,4.8,5,4.1,3.7,3.3,1.9,1.9,2.9,4,3.3,3.2,3.2,2.2,3.4,1.4,0.5,0.5,0.5,0.9,0.6,0.3,1,0.4,1.8,6.7,5.9,1.5,7.4,0.4,0.9,0.3,0.5,0.7,0.1
356,3.5,8.4,6.3,6.2,6.4,5,2.3,2.7,1.8,3.3,3.7,2.2,2,1.8,2.5,2.4,0.9,0.6,0.2,0.8,0.7,0.5,1.1,0.6,1.6,5.5,5.4,2,7.1,0.4,1.4,0.5,1.1,0.5,0.2
357,2.2,4.8,2.9,3.7,3.2,2.6,1.6,1.9,1.8,3.5,2.5,3.7,2.5,1.9,2.9,1.4,0.6,0.6,0.7,0.5,0.6,0.3,0.4,0.2,0.6,6,3.7,1.7,9.7,0.1,0.9,0.5,1,0.3,0.2
358,5.2,5.4,6.2,4.9,4.9,4.7,2.4,2.5,2.5,3.2,3.6,2,3.2,2.5,5.2,0.5,0.7,0.7,0.5,0.3,0.5,0.3,0.5,0.3,0.8,4.9,3.5,1.4,10.1,0.9,1.1,0.5,0.8,0.6,0.3
359,6.3,7.2,10.1,5.1,5.9,5.5,1.6,4.5,3.5,5.4,4,4.1,5.5,3.7,4,0.6,0.3,0.5,0.6,0.6,0.7,0.6,0.5,0.3,1.1,6.6,6.1,1.8,10.3,1.3,0.6,0.5,0.8,0.3,0.1
360,4.8,6,8.8,5.6,4.9,4.8,1.9,3.8,3.2,4,3.7,2.1,1.5,1,1.4,1.4,0.7,0.4,0.5,0.5,0.8,0.6,0.5,0.5,1.1,5.7,5.9,1.8,11.3,0.6,0.5,0.2,0.8,0.4,0.3
361,5.5,3.9,5.4,2.5,3.8,1.6,0.8,1.8,2.6,2.1,2.3,2.7,1.8,1.6,2.6,1.3,0.4,0.3,0.5,0.3,0.6,1.1,0.6,0.7,1.5,4.1,4.4,1.2,4.2,0.4,0.4,0.6,0.3,0.4,0.2
362,5.8,4.7,3.9,5.1,3.7,4.6,1.8,4,3,3.9,3.7,2.7,2.6,2,1.9,1.4,1,0.5,0.6,0.8,1,0.5,0.5,0.7,1.2,3.8,3,1.1,8.6,0.7,0.8,0.3,0.3,0.4,0.1
363,3,7.8,7.9,4.9,4,3,1.3,1.8,1.7,2.4,3.8,2.2,1.8,2,3.9,0.9,0.2,0.8,0.4,0.5,0.5,0.5,0.5,0.4,1.2,5.9,4.7,2,5.4,0.5,0.7,0.3,0.7,0.4,0.2
364,8.4,5.9,7.1,4.7,5.6,3.1,0.8,2,1.8,1.9,3.1,1.8,1.4,1.3,2.7,1.8,0.6,0.7,0.6,0.6,0.6,0.5,0.8,0.5,0.7,4.5,4,1.3,5.4,0.3,0.6,0.4,0.7,0.3,0.2
365,2.6,2.8,2.6,3.2,2.9,2.5,0.9,1.5,2.1,3,1.5,2.7,1.7,1.7,2.7,1.2,0.8,0.6,0.4,0.6,0.3,0.5,0.6,0.2,0.6,2.7,2.9,1.7,7.3,0.6,0.5,0.3,0.7,0.8,0.1
