halfhour,2010-10-01,2010-10-02,2010-10-03,2010-10-04,2010-10-05,2010-10-06,2010-10-07,2010-10-08,2010-10-09,2010-10-10,2010-10-11,2010-10-12,2010-10-13,2010-10-14,2010-10-15,2010-10-16,2010-10-17,2010-10-18,2010-10-19,2010-10-20,2010-10-21,2010-10-22,2010-10-23,2010-10-24,2010-10-25,2010-10-26,2010-10-27,2010-10-28,2010-10-29,2010-10-30,2010-10-31,2010-11-01,2010-11-02,2010-11-03,2010-11-04,2010-11-05,2010-11-06,2010-11-07,2010-11-08,2010-11-09,2010-11-10,2010-11-11,2010-11-12,2010-11-13,2010-11-14,2010-11-15,2010-11-16,2010-11-17,2010-11-18,2010-11-19,2010-11-20,2010-11-21,2010-11-22,2010-11-23,2010-11-24,2010-11-25,2010-11-26,2010-11-27,2010-11-28,2010-11-29,2010-11-30,2010-12-01,2010-12-02,2010-12-03,2010-12-04,2010-12-05,2010-12-06,2010-12-07,2010-12-08,2010-12-09,2010-12-10,2010-12-11,2010-12-12,2010-12-13,2010-12-14,2010-12-15,2010-12-16,2010-12-17,2010-12-18,2010-12-19,2010-12-20,2010-12-21,2010-12-22,2010-12-23,2010-12-24,2010-12-25,2010-12-26,2010-12-27,2010-12-28,2010-12-29,2010-12-30,2010-12-31,2011-01-01,2011-01-02,2011-01-03,2011-01-04,2011-01-05,2011-01-06,2011-01-07,2011-01-08,2011-01-09,2011-01-10,2011-01-11,2011-01-12,2011-01-13,2011-01-14,2011-01-15,2011-01-16,2011-01-17,2011-01-18,2011-01-19,2011-01-20,2011-01-21,2011-01-22,2011-01-23,2011-01-24,2011-01-25,2011-01-26,2011-01-27,2011-01-28,2011-01-29,2011-01-30,2011-01-31,2011-02-01,2011-02-02,2011-02-03,2011-02-04,2011-02-05,2011-02-06,2011-02-07,2011-02-08,2011-02-09,2011-02-10,2011-02-11,2011-02-12,2011-02-13,2011-02-14,2011-02-15,2011-02-16,2011-02-17,2011-02-18,2011-02-19,2011-02-20,2011-02-21,2011-02-22,2011-02-23,2011-02-24,2011-02-25,2011-02-26,2011-02-27,2011-02-28,2011-03-01,2011-03-02,2011-03-03,2011-03-04,2011-03-05,2011-03-06,2011-03-07,2011-03-08,2011-03-09,2011-03-10,2011-03-11,2011-03-12,2011-03-13,2011-03-14,2011-03-15,2011-03-16,2011-03-17,2011-03-18,2011-03-19,2011-03-20,2011-03-21,2011-03-22,2011-03-23,2011-03-24,2011-03-25,2011-03-26,2011-03-27,2011-03-28,2011-03-29,2011-03-30,2011-03-31
1,13.69,44.46,27.49,28.88,56.88,6.12,9.43,39.08,35.56,33.66,26.42,33.47,48.22,41.02,59.93,43.04,43.11,5.91,8.82,36.65,28.35,15.6,30.25,27.95,13.02,4.73,22.21,26.94,33.12,43.44,31.23,47.01,31.75,61.29,109.25,38.21,24.32,40.94,29.5,11.12,30.86,25.41,23.57,32.05,72.46,15.14,32.64,35.75,37.77,44.04,25.79,34.54,13.13,22.97,34.35,35.47,37.96,12.63,30.46,14.21,32.06,33.72,32.03,35.04,31.84,24.94,45.55,25.69,25.91,25.12,27.51,46.63,38.9,38.62,26.68,12.61,17.54,47.18,59.61,50.91,26.38,31.65,29.64,34.75,45.01,29.85,9.39,9.84,46.66,92.53,64.85,132.69,129.83,107.66,97.54,41.11,30.71,41.22,111.9,27.32,21.55,23.33,55.93,23.11,27.21,71.41,24.08,29.59,36.01,80.51,48.21,21.76,38.63,31.22,54.8,15.98,38.58,66.75,24.76,46.66,48.24,42.55,52.15,41.84,52.12,62.72,67.84,63.39,61.42,66.45,48.77,62.76,56.84,64.3,84.29,21.86,42.47,32.03,48.91,34.45,51.51,34.57,36.27,58.52,43.04,79.59,85.21,89.14,44.11,73.16,101.77,108.66,59.03,34.2,61.57,95.17,69.13,15.95,41.64,52.85,57.54,66.11,68.51,41.37,27.78,34.49,47.71,16.02,9.67,11.2,14.98,18.64,38.47,38.71,45.63,39.5,38.75,47.41,48.25,56.54,29.19,31.96
2,13.34,42.86,27.14,26.01,51.15,6.15,7.06,35.13,38.73,30.46,22.33,28.54,39.54,35.25,52.46,45.62,38.89,5.3,7.79,31.69,33.3,11.58,30.64,23.13,10.34,4.24,22.42,20.27,26.58,41.11,29.75,39.85,24.69,44.75,100.37,35.35,50.28,37.59,28.6,12.58,27.44,20.2,32.53,28.33,63.65,13.27,27.72,31.75,29.14,40.65,24.63,32.96,12.32,20.98,30.55,30.62,32.13,9.91,30.02,7.53,26.06,31.61,28.9,33.16,35.12,27.28,32.75,21.48,22.11,17.14,30.66,43.59,32.98,32.87,30.39,22.56,19.24,46.1,55.49,48.24,24.93,32.39,32.67,30.86,40.65,24.62,8.6,13.08,43.08,65.41,69.2,123.58,143.95,114.24,92.16,38.29,33.77,40.97,129.9,25.85,24.38,16.08,51.36,22.73,31.0,70.97,20.93,24.05,54.16,55.26,41.9,26.87,35.82,28.98,51.79,8.37,38.84,65.1,27.78,45.93,46.77,40.38,47.44,38.18,49.83,62.42,61.32,51.75,51.65,103.29,94.32,59.01,53.04,59.73,76.42,25.47,46.12,27.73,51.17,38.04,46.79,33.52,34.02,58.6,40.51,85.82,82.0,80.14,44.7,76.06,100.84,98.01,58.55,30.63,70.41,92.58,63.64,12.3,37.98,50.79,55.32,62.36,62.89,36.53,32.31,32.88,48.18,15.72,7.14,12.33,14.72,18.15,31.84,41.81,40.63,33.91,32.7,43.25,55.32,57.25,25.42,30.94
3,14.13,42.02,26.63,25.1,52.64,6.24,7.37,33.46,38.28,29.93,22.93,29.39,39.28,35.05,51.06,45.89,37.89,5.72,7.59,30.49,32.41,12.3,29.57,22.78,9.74,4.28,21.48,20.8,30.45,38.71,30.27,40.27,25.03,43.29,97.39,31.84,49.22,36.53,27.05,11.93,26.19,18.88,34.34,28.13,57.22,13.02,26.86,32.78,28.42,41.69,24.29,33.12,12.1,21.59,29.65,30.34,31.67,10.11,30.26,7.43,25.78,31.55,29.49,32.4,35.32,27.76,31.22,21.61,20.75,17.45,27.42,42.25,33.25,31.78,29.31,19.79,19.87,45.74,57.27,47.47,24.42,32.17,31.63,30.5,39.56,23.91,8.69,16.93,41.66,64.76,67.66,123.14,168.34,107.82,92.38,42.94,34.17,42.04,112.88,24.66,23.2,15.5,52.44,22.08,29.56,61.86,33.83,25.89,49.38,52.6,40.74,25.19,35.6,28.8,50.41,7.73,38.73,65.28,26.73,46.94,45.57,39.58,48.14,39.17,49.03,61.89,72.77,49.38,50.12,101.16,93.99,57.18,51.32,64.63,75.71,24.9,44.79,26.58,50.25,36.59,47.86,32.98,32.67,58.23,41.82,83.79,82.7,80.14,46.12,77.17,100.35,100.85,57.76,30.31,70.2,91.26,63.95,12.1,36.07,49.31,59.38,59.17,61.24,37.12,36.22,30.44,42.67,14.33,5.69,12.66,13.66,18.66,31.61,38.68,38.13,33.1,32.41,43.16,52.72,54.99,25.1,29.05
4,17.56,38.33,24.44,21.22,58.93,6.71,8.88,26.89,36.47,27.63,25.63,33.29,37.94,33.97,43.98,47.31,32.77,7.83,6.56,24.46,28.03,15.83,24.31,21.03,6.82,4.52,16.86,23.28,49.16,27.34,32.73,42.22,26.63,36.55,83.32,15.56,44.2,31.62,19.96,9.0,20.49,12.96,42.76,27.22,28.55,11.88,23.17,37.3,25.3,46.34,22.8,33.81,11.15,24.16,25.92,29.16,29.7,10.97,31.27,7.02,24.62,31.28,31.97,29.2,36.16,29.76,24.84,22.14,14.97,18.69,13.98,36.81,34.34,27.37,24.83,8.53,22.42,44.24,64.3,44.49,22.43,31.35,27.51,29.11,35.36,21.1,9.04,32.07,36.21,62.31,61.93,121.5,259.71,83.8,93.21,59.98,35.66,45.99,51.46,20.26,18.8,13.42,56.4,19.79,24.35,29.37,78.91,32.54,32.11,43.15,36.64,19.3,34.83,28.67,45.65,5.47,38.37,65.9,23.1,50.34,41.42,36.93,50.46,42.48,46.37,60.15,111.03,41.51,45.12,94.15,92.9,51.1,45.67,80.51,73.42,23.08,40.47,22.92,47.3,31.98,51.26,31.26,28.37,57.04,45.88,77.54,84.85,80.13,50.44,80.65,98.86,109.33,55.38,29.34,69.58,87.31,64.87,11.5,30.42,44.94,71.58,49.75,56.4,38.87,47.58,23.36,26.62,10.37,1.51,13.61,10.59,20.11,30.95,29.83,31.08,30.8,31.59,42.9,45.48,48.64,24.21,23.8
5,16.89,38.24,24.38,22.48,58.3,6.86,9.24,26.51,35.01,27.46,25.17,32.68,37.51,35.04,42.81,46.47,32.89,7.69,6.74,23.68,26.68,15.44,25.07,20.48,6.58,4.15,17.4,22.82,45.45,27.69,31.64,41.68,25.65,36.16,79.67,15.92,41.9,30.46,19.75,8.49,19.43,15.63,39.55,30.71,27.05,11.84,22.56,37.2,26.28,44.63,22.35,33.49,11.33,24.89,24.54,27.14,29.34,10.98,31.07,7.47,23.21,30.8,31.92,30.57,36.5,29.87,24.86,21.14,16.12,17.85,12.72,36.01,34.58,26.57,24.29,8.67,22.38,42.49,62.58,43.99,21.92,32.24,26.44,29.72,33.9,18.54,8.97,30.57,35.37,61.73,61.33,122.71,272.96,83.48,89.36,61.7,35.74,45.2,60.68,19.53,18.98,13.46,57.02,19.83,25.02,27.7,77.44,30.26,37.47,44.5,34.38,19.58,35.23,27.41,42.66,5.66,37.9,65.52,23.26,49.8,42.58,37.35,49.59,42.86,47.02,59.39,109.35,52.48,42.98,83.23,92.36,52.17,45.37,83.89,70.08,22.22,40.31,23.63,47.16,32.89,49.88,31.84,28.6,57.05,45.9,77.87,82.87,78.24,51.0,80.78,98.51,107.81,54.31,30.71,70.3,85.68,67.66,11.27,29.2,42.77,73.41,56.16,56.27,37.64,42.04,22.25,26.32,9.99,2.48,14.31,10.13,19.52,31.17,29.48,29.26,30.0,29.1,43.05,42.89,45.42,24.59,21.18
6,14.02,37.83,24.08,28.02,55.55,7.61,10.95,25.02,28.97,26.67,23.08,29.89,35.33,40.41,36.84,42.16,33.46,7.02,7.61,19.77,19.76,13.52,28.89,17.75,5.41,2.34,19.96,20.6,27.87,29.34,26.39,39.15,21.07,34.31,62.69,17.58,31.43,25.14,18.76,6.14,14.62,27.79,25.15,46.05,20.4,11.66,19.87,36.75,30.59,37.13,20.38,32.06,12.08,28.03,18.57,18.46,27.83,11.01,30.25,9.32,17.36,28.77,31.69,36.37,37.95,30.31,24.92,16.92,20.88,14.34,7.57,32.71,35.55,23.3,22.07,9.23,22.26,35.6,55.56,42.01,19.9,35.7,22.28,32.09,28.17,8.59,8.69,24.9,32.2,59.54,59.07,127.26,323.48,82.25,74.75,68.05,36.02,42.28,94.65,16.87,19.6,13.59,59.25,19.96,27.39,21.79,72.21,22.07,56.5,49.3,26.33,20.58,36.62,22.99,32.34,6.35,36.26,64.24,23.8,47.92,46.48,38.76,46.63,44.1,49.21,56.83,103.76,89.12,35.72,47.31,90.58,55.65,44.39,94.85,59.3,19.42,39.79,25.91,46.7,35.84,45.47,33.69,29.32,57.09,45.98,78.91,76.66,72.39,52.68,81.17,97.44,103.2,51.1,34.85,72.47,80.65,76.0,10.56,25.53,36.38,78.85,75.07,55.89,34.02,25.7,19.03,25.44,8.92,5.23,16.32,8.83,17.8,31.79,28.48,23.98,27.74,22.14,43.47,35.81,36.43,25.62,13.92
7,14.59,38.64,24.73,28.44,54.15,7.88,11.0,25.03,28.31,26.66,22.58,29.46,35.13,39.56,35.95,42.8,33.47,6.66,8.12,19.17,19.66,13.68,30.85,17.75,5.77,1.77,19.15,22.38,32.55,29.33,26.32,37.35,20.15,33.35,60.69,22.76,29.42,27.66,17.43,6.58,14.85,27.05,27.29,45.87,19.77,11.76,18.04,36.83,31.56,35.92,20.29,31.6,12.36,26.74,19.69,17.9,27.27,10.04,28.67,9.56,16.27,28.2,31.2,35.04,36.43,30.9,24.12,16.29,20.39,15.29,7.34,31.87,33.0,22.93,20.89,9.28,22.77,35.71,56.52,40.73,20.36,35.68,23.55,30.06,29.2,8.53,7.68,24.27,35.78,57.8,59.5,127.61,309.71,86.24,73.77,70.51,34.8,43.18,92.52,17.02,22.86,13.43,59.18,21.54,25.86,35.23,59.9,21.03,55.95,48.53,27.92,19.39,35.21,24.3,31.71,9.32,35.85,62.72,24.67,46.96,45.12,38.45,46.7,42.2,48.96,56.61,101.9,87.17,33.25,51.75,87.84,54.24,44.11,93.76,56.51,19.27,37.71,25.01,45.37,35.12,45.15,33.29,29.77,53.81,47.61,78.28,76.4,70.87,51.32,83.47,97.1,103.08,49.25,36.51,72.81,80.42,78.85,10.34,23.55,40.15,72.41,68.08,56.01,31.32,25.81,18.56,23.75,8.92,6.67,16.44,9.56,17.34,29.45,26.63,24.95,27.95,22.02,42.8,38.49,38.35,25.26,15.85
8,17.03,42.13,27.5,30.25,48.1,9.13,11.25,25.07,25.58,26.63,20.34,27.53,34.12,35.11,31.32,45.99,33.53,4.86,10.66,16.14,19.12,14.44,40.54,17.75,7.57,0.0,15.25,30.96,54.67,29.27,26.03,28.69,15.85,28.92,51.26,46.4,20.25,39.09,11.32,8.6,15.91,23.72,36.87,45.06,16.94,12.22,9.92,37.14,35.82,30.63,19.93,29.63,13.55,21.2,24.45,15.52,24.96,5.98,21.91,10.58,11.75,25.87,29.13,29.53,29.98,33.35,20.75,13.64,18.37,19.26,6.37,28.4,22.46,21.45,16.19,9.49,24.77,36.13,60.4,35.68,22.22,35.59,28.53,22.19,33.09,8.3,3.75,21.87,49.42,51.18,61.1,128.95,257.44,101.22,70.06,79.58,30.31,46.42,84.68,17.59,34.87,12.85,58.95,27.24,20.43,82.97,16.19,17.21,54.01,45.81,33.48,15.2,30.27,28.9,29.5,19.55,34.39,57.48,27.61,43.68,40.46,37.42,46.91,35.72,48.16,55.86,95.77,80.76,25.12,66.36,78.89,49.66,43.2,90.24,47.35,18.77,30.95,22.11,41.15,32.83,44.13,32.06,31.19,43.67,52.73,76.34,75.59,66.26,47.11,90.68,96.03,102.73,43.59,41.57,73.84,79.73,87.52,9.71,17.69,51.47,53.36,47.2,56.39,23.51,26.14,17.18,18.83,8.92,10.81,16.77,11.64,16.03,22.83,21.41,27.71,28.55,21.7,40.92,45.97,43.63,24.26,21.25
9,16.3,43.28,27.32,29.29,47.37,8.99,12.13,25.27,25.86,25.71,19.27,28.08,35.29,37.19,29.26,45.64,33.46,5.27,10.71,15.51,18.33,14.31,41.59,17.42,7.3,0.0,15.17,29.55,54.31,28.51,24.74,28.88,15.73,28.3,48.13,45.25,19.11,40.24,11.69,8.26,16.03,20.77,35.64,44.37,16.08,12.3,10.44,36.24,35.15,29.87,20.48,28.71,12.51,20.89,23.17,15.37,24.19,6.1,21.16,9.71,14.11,26.11,28.85,29.36,30.75,32.52,19.29,14.43,16.51,17.46,6.71,26.67,21.64,21.45,15.79,9.27,23.53,39.35,57.93,37.28,19.48,32.8,27.87,22.27,32.87,7.93,3.44,23.28,46.48,49.47,61.09,128.18,254.59,103.52,70.06,79.57,33.11,45.09,79.07,17.21,34.17,12.66,57.48,27.9,21.28,80.23,15.16,15.68,52.46,43.46,41.35,14.96,27.61,27.28,29.39,18.81,34.37,56.53,27.83,41.68,39.84,36.9,47.63,37.84,48.26,58.14,94.27,75.76,25.41,72.43,75.06,49.69,41.31,87.94,45.91,17.86,33.8,23.04,41.83,32.52,44.12,31.81,30.83,43.15,54.66,76.22,74.2,64.69,46.94,88.04,95.85,100.76,43.42,41.89,74.26,79.53,84.6,9.67,18.52,47.52,56.89,57.34,55.56,22.06,25.28,15.77,17.93,8.7,10.8,17.31,11.71,15.65,22.5,20.74,26.54,27.09,22.51,39.32,43.34,40.87,24.55,20.81
10,13.17,48.22,26.52,25.21,44.24,8.29,16.27,26.12,26.98,21.64,14.49,30.58,41.28,47.84,18.64,43.89,33.14,7.42,10.99,12.3,14.3,13.62,46.8,15.79,6.01,0.0,14.78,22.89,52.61,24.82,18.52,29.76,15.2,25.33,33.86,39.91,13.75,45.59,13.35,6.71,16.61,7.63,29.97,41.25,12.18,12.64,12.67,32.26,32.16,26.58,22.8,24.73,8.04,19.57,17.87,14.74,20.98,6.62,18.04,6.06,23.93,27.1,27.68,28.64,33.94,29.03,13.39,17.73,8.64,9.99,8.11,19.66,18.3,21.44,14.17,8.37,18.53,52.4,48.25,43.46,8.73,21.99,25.26,22.6,32.01,6.55,2.25,28.82,35.35,42.97,61.02,125.27,243.95,112.16,70.08,79.52,43.41,40.21,58.83,15.83,31.61,11.97,52.08,30.26,24.28,70.47,11.57,10.25,46.88,35.23,69.19,14.11,18.28,21.64,29.01,16.25,34.33,53.3,28.59,34.92,37.72,35.11,50.06,44.92,48.59,65.6,89.22,59.32,26.34,92.41,62.49,49.78,35.2,80.49,41.2,14.92,43.04,26.01,44.0,31.54,44.08,31.02,29.67,41.53,60.7,75.87,69.82,59.86,46.42,79.9,95.3,94.87,42.89,42.84,75.55,78.92,75.75,9.55,20.98,35.72,67.61,87.31,53.12,17.72,22.74,11.63,15.29,8.1,10.77,18.9,11.9,14.58,21.57,18.85,23.29,22.94,24.79,34.95,36.01,33.19,25.32,19.61
11,13.86,46.98,28.56,27.24,43.82,7.76,16.7,26.45,27.0,22.22,15.81,30.71,40.86,45.79,19.15,44.32,32.41,7.84,10.91,12.51,14.22,13.59,43.45,15.97,5.04,0.06,15.4,26.78,51.32,24.63,18.84,28.88,14.92,25.85,32.63,38.46,13.83,44.87,13.71,6.68,15.03,7.8,29.1,39.24,12.26,12.36,12.93,31.9,33.25,26.22,22.23,23.74,7.13,19.54,17.81,15.74,21.89,6.55,17.9,5.43,23.74,26.49,28.54,29.77,33.05,29.83,13.17,17.16,9.09,10.25,8.43,20.32,19.0,20.86,15.54,8.1,18.78,53.63,48.24,42.51,10.57,30.74,24.92,22.72,31.55,5.52,3.24,28.94,35.82,41.56,60.88,123.48,245.72,109.6,67.59,67.48,43.02,40.15,58.7,16.75,30.58,13.58,49.25,28.25,24.47,59.95,11.21,11.79,43.7,33.72,68.27,13.99,18.0,22.04,29.08,19.03,35.15,53.4,28.45,34.68,37.73,34.75,49.51,44.15,47.94,66.31,80.69,64.67,27.6,90.62,61.91,49.32,35.5,80.31,41.44,14.76,41.75,31.13,43.78,30.82,44.1,31.73,31.11,40.88,60.24,74.82,71.85,59.32,46.45,80.53,97.17,90.05,43.41,43.56,73.51,76.38,71.38,9.4,21.69,37.2,69.91,86.93,53.12,18.61,22.52,11.9,16.01,7.96,11.32,19.41,11.77,15.44,20.73,20.88,23.03,22.66,24.83,35.7,36.8,33.93,25.21,20.9
12,16.86,41.59,37.35,35.98,42.03,5.27,18.77,27.75,27.05,24.76,21.84,31.37,38.72,35.48,21.75,46.56,28.75,9.96,10.48,13.56,13.79,13.41,26.93,16.86,4.4,3.13,18.29,45.63,45.2,23.72,20.42,24.72,13.65,28.32,26.83,31.62,14.19,41.6,15.33,6.53,7.98,8.59,25.15,30.31,12.63,11.09,14.07,30.28,38.1,24.6,19.83,19.51,3.22,19.41,17.55,20.04,25.75,6.24,17.3,2.84,22.94,23.92,32.18,34.54,29.27,33.21,12.24,14.79,10.94,11.31,9.71,23.0,21.79,18.52,21.08,7.02,19.75,58.48,48.19,38.67,17.92,64.65,23.58,23.17,29.75,1.53,7.08,29.42,37.63,36.09,60.35,116.78,252.54,99.71,58.27,22.36,41.59,39.92,58.24,20.08,26.86,19.42,39.22,20.99,25.15,22.09,9.95,17.19,32.41,28.29,65.07,13.55,17.0,23.45,29.33,28.75,37.99,53.74,27.94,33.89,37.76,33.51,47.61,41.62,45.78,68.67,52.41,82.68,31.83,84.84,60.02,47.8,36.46,79.74,42.21,14.24,37.65,47.15,43.06,28.56,44.13,34.0,35.62,38.87,58.82,71.5,78.1,57.65,46.54,82.47,102.92,75.17,44.99,45.76,67.27,68.89,58.32,8.92,23.8,41.56,76.68,85.79,53.1,21.24,21.9,12.69,18.07,7.58,12.9,20.89,11.42,17.96,18.38,26.63,22.28,21.87,24.94,37.81,38.96,36.0,24.9,24.43
13,17.88,40.69,37.36,37.1,42.64,5.29,19.78,27.42,27.15,27.13,22.92,31.27,41.72,36.52,23.1,46.86,28.27,10.08,10.69,16.39,14.69,13.71,28.71,17.25,3.8,3.32,18.72,45.1,45.77,23.67,19.1,24.95,17.9,29.09,27.92,30.2,17.11,41.26,14.22,7.16,8.17,11.85,25.89,32.23,16.14,11.45,14.5,29.25,38.26,23.63,19.95,20.48,3.68,19.58,17.53,20.13,26.17,5.97,19.06,3.63,21.07,24.11,32.76,34.65,28.59,32.17,13.41,14.53,10.81,12.29,10.22,22.64,21.4,17.07,20.42,9.24,19.53,55.5,46.22,39.51,17.13,64.54,23.7,22.74,29.26,1.51,7.46,29.89,40.33,37.02,61.46,112.89,248.72,100.24,57.81,30.52,41.16,40.1,52.16,18.09,28.38,19.14,40.94,20.98,25.93,21.18,10.3,16.56,31.25,28.1,64.88,13.21,18.52,24.35,29.26,33.47,38.47,54.05,27.5,35.71,37.79,34.21,48.13,41.51,46.21,69.53,51.21,81.72,30.52,79.37,59.27,46.35,37.19,78.45,38.61,14.8,37.99,48.93,42.26,29.52,42.74,33.98,36.79,39.18,59.31,69.91,76.9,56.26,46.26,82.53,103.82,76.73,43.42,46.44,68.6,69.1,59.49,8.87,23.59,45.33,74.86,83.9,52.72,22.17,23.3,12.85,17.93,9.81,12.63,20.15,11.38,18.13,19.47,27.47,22.74,23.32,24.16,36.45,39.07,39.79,26.55,30.87
14,22.27,36.85,37.39,42.0,45.26,5.4,24.59,26.08,27.61,37.54,27.79,30.86,57.47,41.94,30.02,48.44,25.84,10.64,11.76,30.39,19.09,15.26,37.46,19.15,3.3,4.19,20.77,42.51,48.53,23.45,12.88,26.06,37.96,32.72,33.01,23.75,30.64,39.7,9.05,10.1,9.05,26.48,29.2,40.83,31.84,13.05,16.44,24.83,38.92,19.35,20.47,24.69,5.62,20.35,17.48,20.54,27.92,4.85,26.64,6.95,13.27,24.86,35.26,35.09,25.64,27.86,18.38,13.46,10.27,16.34,12.41,21.18,19.8,11.26,17.75,18.3,18.6,43.75,38.47,42.84,14.02,64.1,24.14,21.07,27.38,1.43,8.94,31.69,50.63,40.6,65.61,98.29,234.24,102.26,56.09,60.58,39.6,40.73,29.76,10.76,33.91,18.14,47.18,20.93,28.78,17.97,11.54,14.33,27.15,27.4,64.19,12.06,23.85,27.43,29.01,49.72,40.12,55.14,25.96,41.91,37.9,36.58,49.85,41.14,47.59,72.42,47.16,78.58,26.21,61.4,56.81,41.5,39.59,74.3,26.97,16.67,39.09,54.75,39.78,32.58,38.37,33.93,40.48,40.15,60.88,64.94,73.07,52.03,45.39,82.72,106.59,81.5,38.65,48.45,72.64,69.74,63.0,8.7,22.95,56.66,69.49,78.25,51.58,24.93,27.38,13.33,17.53,16.21,11.85,18.06,11.26,18.6,22.65,29.8,24.05,27.48,22.0,32.67,39.38,50.37,31.14,49.01
15,22.93,38.71,38.18,42.83,46.94,5.56,25.21,28.92,28.21,37.15,28.18,32.47,55.82,42.09,31.19,49.3,26.1,12.06,13.33,29.66,26.0,17.48,35.14,18.73,4.2,4.09,21.63,41.15,51.78,22.91,13.38,25.32,37.02,33.08,33.33,27.1,30.85,37.42,8.95,11.25,9.11,27.12,28.38,40.4,32.07,14.35,17.41,25.88,39.85,19.15,20.51,26.0,5.95,19.97,18.53,25.29,29.34,5.26,27.53,7.28,13.25,27.6,33.87,34.29,25.03,27.94,19.12,13.46,9.8,16.09,12.36,20.91,18.44,14.34,19.83,17.35,18.73,45.93,39.27,43.39,14.11,63.71,24.42,20.3,27.49,2.23,8.52,31.5,53.48,39.38,65.85,96.93,241.25,99.97,52.99,60.65,40.37,40.49,28.04,11.03,33.8,19.12,49.15,21.14,27.56,16.66,13.99,15.68,31.83,34.61,63.03,12.01,23.93,26.5,30.52,45.87,41.62,56.34,28.15,41.52,40.75,37.74,48.88,41.09,48.06,72.02,46.11,78.41,24.97,63.99,55.88,43.74,40.04,75.9,24.95,16.81,38.84,53.25,39.75,33.7,36.88,33.08,40.82,40.2,60.33,66.03,73.42,54.09,44.88,81.32,106.11,85.38,41.18,49.59,73.91,71.5,61.95,12.6,27.03,53.98,73.21,78.4,53.03,25.2,28.37,16.6,18.81,16.54,11.07,19.5,10.93,21.32,31.08,36.06,26.8,29.7,21.9,29.13,40.76,57.78,40.64,57.44
16,25.74,46.84,41.6,46.32,54.03,6.36,28.14,40.1,30.63,35.49,29.91,39.81,47.34,42.86,37.18,53.59,27.41,19.31,21.38,26.08,34.0,28.41,23.95,16.67,8.59,3.57,25.77,34.73,67.2,20.31,15.78,21.82,32.56,34.75,34.79,42.9,31.84,26.63,8.5,16.44,9.38,30.0,24.64,38.5,33.11,20.08,21.64,30.49,43.96,18.3,20.66,31.66,7.38,18.36,22.89,45.36,35.28,6.96,31.29,8.66,13.15,38.75,27.98,30.88,22.42,28.28,22.15,13.47,7.92,15.07,12.15,19.8,12.89,26.89,28.28,13.48,19.23,54.75,42.43,45.52,14.48,62.14,25.54,17.34,27.94,5.31,6.92,30.78,64.35,34.75,66.72,91.87,267.44,91.46,41.35,60.93,43.19,39.61,21.83,12.05,33.41,22.59,56.31,21.85,23.21,11.84,22.7,20.47,48.22,59.8,58.91,11.84,24.21,23.21,35.73,32.41,46.78,60.44,35.67,40.16,50.45,41.76,45.59,40.92,49.59,70.68,42.59,77.86,20.99,72.53,52.82,51.2,41.49,81.07,18.37,17.25,38.01,48.41,39.63,37.31,32.19,30.4,41.87,40.35,58.63,69.39,74.51,60.47,43.36,77.08,104.61,96.97,48.88,53.02,77.69,76.84,58.75,24.29,39.2,46.08,84.29,78.85,57.29,25.99,31.31,26.23,22.58,17.51,8.85,23.75,9.98,29.01,54.92,54.01,34.43,35.87,21.62,19.15,44.62,78.66,67.03,80.61
17,27.45,46.57,40.41,47.3,54.49,6.75,29.09,40.59,32.89,35.31,31.29,40.38,52.58,43.6,37.24,53.77,27.35,20.72,21.5,29.0,41.0,30.2,27.95,17.49,8.45,3.86,28.27,39.31,66.53,20.51,16.17,24.07,36.41,41.21,34.91,46.17,30.36,27.95,11.05,18.63,10.9,32.66,27.06,38.48,32.94,21.58,22.8,31.22,42.9,18.11,20.92,31.26,8.98,20.48,23.0,45.14,35.62,6.68,28.86,8.92,14.92,38.08,29.39,30.78,21.64,28.26,21.55,14.15,7.92,14.4,12.52,20.21,13.61,28.87,27.43,16.62,23.32,53.02,42.74,45.78,15.78,57.39,26.16,18.01,28.27,5.01,6.9,32.7,66.82,35.43,67.96,93.56,260.64,91.74,41.23,62.69,42.49,41.4,20.77,13.44,29.66,22.39,55.55,22.05,24.46,18.29,22.45,19.14,47.55,61.45,53.13,18.98,27.47,23.74,34.5,37.94,47.91,64.8,36.79,39.69,47.07,40.2,46.84,41.49,50.37,72.38,44.07,75.59,21.05,73.51,53.89,52.12,41.98,79.16,17.67,16.57,40.26,49.89,38.68,38.62,32.5,30.61,41.68,41.18,60.53,72.45,77.19,63.09,44.18,76.74,104.36,94.81,52.84,54.57,78.79,77.23,60.46,25.79,43.56,46.92,85.61,80.29,58.26,23.95,36.48,29.89,23.19,20.57,12.37,23.21,10.03,33.94,51.53,68.88,38.49,37.53,21.72,19.83,46.09,80.66,61.42,81.95
18,34.91,45.43,35.25,51.55,56.48,8.61,33.73,42.5,42.23,34.56,37.66,43.08,78.87,47.31,37.58,54.7,27.09,27.8,22.14,43.65,49.0,39.01,48.02,21.58,7.73,5.25,40.27,61.07,63.25,21.49,18.03,34.49,55.01,71.25,35.48,61.66,23.48,34.04,22.42,28.55,17.67,44.55,37.91,38.39,32.19,28.15,28.07,34.41,38.25,17.28,22.08,29.54,15.87,29.76,23.51,44.19,37.07,5.51,18.76,10.0,22.25,35.28,35.43,30.37,18.31,28.15,18.96,17.01,7.94,11.66,14.02,21.87,16.54,36.81,23.96,29.2,39.43,46.13,43.94,46.84,20.96,38.96,28.57,20.62,29.53,3.86,6.82,40.09,76.25,38.06,72.75,99.9,234.71,92.8,40.79,69.35,39.97,47.99,16.87,18.56,16.07,21.65,52.83,22.77,28.89,41.58,21.58,14.5,45.19,67.4,33.28,44.36,38.73,25.62,30.22,57.25,51.86,80.02,40.59,38.11,35.61,34.9,51.05,43.43,52.96,78.16,48.93,68.13,21.25,76.71,57.4,55.1,43.55,72.91,15.43,14.41,47.63,54.58,35.61,42.75,32.8,31.26,41.09,43.79,66.48,82.19,85.37,71.2,46.72,75.7,103.58,88.12,64.86,59.28,82.15,78.37,65.58,30.21,56.81,49.42,89.51,84.46,61.15,17.99,51.47,40.58,24.92,29.48,22.42,21.64,10.2,48.09,42.06,110.93,49.95,42.15,22.0,21.75,50.19,86.31,45.78,85.61
19,34.41,46.13,34.52,51.32,53.76,8.63,34.32,42.19,41.81,35.0,41.91,43.28,77.92,48.05,36.69,54.79,27.27,28.08,22.4,42.62,56.0,38.86,48.11,23.09,7.08,5.78,40.64,69.82,63.1,22.45,18.37,33.87,52.35,74.09,40.3,68.78,26.07,34.35,23.44,29.8,19.59,47.06,37.54,38.62,29.83,29.53,29.1,32.91,37.82,17.23,19.64,29.91,18.64,31.42,26.51,50.97,39.01,7.75,19.97,12.58,21.56,36.4,37.5,29.87,19.21,27.89,20.87,17.87,8.27,10.88,14.14,25.49,18.55,37.18,24.47,35.83,39.56,47.69,43.54,49.79,22.0,37.5,29.51,20.9,31.08,4.01,6.96,41.45,85.15,38.02,74.06,99.04,228.61,94.14,39.33,71.19,39.22,46.6,18.33,18.94,15.64,23.36,54.96,24.17,30.68,42.63,21.91,15.57,55.68,72.75,44.4,49.45,39.74,27.01,30.65,65.37,54.2,79.64,42.97,38.85,37.44,33.96,51.0,44.18,54.09,81.15,58.03,72.14,23.39,78.57,58.91,56.21,45.89,79.9,15.64,17.34,47.75,53.32,37.14,44.1,33.1,31.49,42.21,42.38,66.04,83.41,85.36,77.4,47.4,76.92,101.11,88.21,63.25,60.88,81.25,79.66,65.94,29.9,52.54,63.42,95.75,83.1,62.74,20.15,52.48,41.18,26.18,29.49,24.57,21.19,10.52,48.25,41.76,104.23,50.69,44.67,23.53,21.25,47.78,90.48,44.8,85.1
20,32.24,49.12,31.38,50.34,51.06,8.74,37.19,40.96,40.09,36.92,60.91,44.2,72.93,51.79,32.08,55.24,28.19,29.48,23.7,37.45,64.9,38.11,48.58,30.34,3.85,8.27,42.43,112.73,62.37,26.99,19.98,30.99,39.59,87.58,62.69,101.78,37.87,35.78,28.13,35.54,28.16,58.47,35.84,39.69,19.47,35.78,33.71,26.48,35.95,17.0,9.16,31.5,30.55,38.43,39.24,80.01,47.24,17.22,25.06,23.33,18.7,40.96,46.24,27.77,23.04,26.82,28.94,21.44,9.64,7.66,14.65,40.51,26.77,38.65,26.51,63.31,40.09,53.83,41.93,61.6,23.5,31.75,33.15,21.93,36.99,4.57,7.49,46.67,119.05,37.9,78.93,95.84,205.46,99.14,33.79,78.05,36.4,41.58,23.72,20.33,14.11,29.56,62.69,29.16,37.2,46.39,23.06,19.35,92.95,91.5,83.4,67.22,43.33,31.93,32.14,93.28,62.14,78.34,51.11,41.41,43.62,30.79,50.83,46.71,57.77,91.12,87.93,85.3,30.43,84.78,63.87,59.88,53.57,102.54,16.32,26.8,48.15,49.19,41.91,48.39,33.5,32.19,45.73,38.0,64.68,87.25,85.33,96.22,49.51,80.7,93.61,88.47,58.35,65.65,78.55,83.52,67.01,28.98,39.76,105.27,114.14,79.06,67.34,26.49,55.42,42.94,29.86,29.51,30.82,19.92,11.45,48.71,40.91,85.63,52.76,51.8,27.85,19.84,41.08,102.07,42.1,83.67
21,32.16,48.92,32.53,50.35,48.35,8.49,36.24,42.04,38.74,35.62,56.25,43.45,75.54,50.89,32.12,55.48,27.22,29.05,22.89,41.67,63.2,37.46,46.54,29.6,3.96,8.62,44.37,111.98,61.75,30.33,20.74,30.62,39.39,87.29,69.24,97.34,39.24,35.99,26.99,35.57,34.51,60.55,35.5,43.44,21.09,33.0,35.7,29.93,36.13,16.28,9.53,31.28,30.65,36.97,40.64,76.93,46.93,16.81,24.23,23.11,18.94,40.27,46.66,27.98,23.25,26.65,29.21,22.13,10.01,7.49,14.53,39.21,27.47,38.11,26.87,61.43,41.31,53.85,42.73,61.78,25.0,43.63,33.22,22.59,37.41,5.08,7.6,46.06,112.41,39.93,80.37,94.55,200.44,97.51,34.29,81.53,37.81,42.17,25.59,20.4,15.71,30.2,60.76,29.25,38.97,50.15,23.96,21.83,87.19,87.8,74.44,64.57,45.92,32.68,32.27,79.77,63.46,72.96,51.08,40.18,45.4,31.54,49.98,47.37,57.54,92.21,93.16,84.79,31.85,144.6,82.81,61.94,58.04,111.64,17.89,26.68,49.04,50.63,43.15,47.3,34.0,32.85,47.2,38.08,65.22,87.89,89.97,100.45,50.28,84.84,93.96,88.37,60.37,66.63,84.97,84.77,67.3,27.47,36.77,101.07,119.4,78.12,74.26,25.03,52.97,43.27,29.64,29.74,24.13,19.5,11.95,42.87,38.04,84.28,62.64,49.54,28.91,20.87,37.71,90.69,43.31,70.23
22,31.86,48.04,37.47,50.39,45.35,7.27,31.73,46.25,33.22,29.88,35.53,42.0,88.92,46.28,32.36,56.73,22.27,26.88,18.83,62.84,54.68,34.24,36.72,26.04,4.5,10.33,53.75,108.48,58.85,46.17,24.31,28.85,38.51,85.98,99.05,76.77,45.62,36.94,21.76,35.7,62.96,69.99,33.98,60.18,28.34,31.69,44.55,44.81,36.91,13.13,11.14,30.34,31.11,30.55,46.48,63.95,45.59,15.1,20.79,22.17,19.92,37.43,48.47,28.86,24.16,25.96,30.27,25.04,11.56,6.82,14.06,34.02,30.3,35.89,28.34,53.87,46.18,53.94,45.79,62.46,26.5,90.52,33.5,25.11,39.04,7.05,8.03,43.75,87.13,47.7,85.76,89.81,181.69,91.41,36.16,94.51,43.07,44.38,32.5,20.63,21.58,32.53,53.76,29.55,45.3,63.51,27.13,30.69,67.04,74.61,43.13,55.15,54.83,35.35,32.7,33.33,68.08,54.15,50.97,35.98,51.45,34.09,47.11,49.6,56.76,95.78,110.84,83.09,36.51,152.0,144.9,68.71,72.53,141.03,22.96,26.29,51.92,55.29,47.08,43.83,34.53,34.91,51.74,38.35,66.88,89.89,104.33,113.48,52.61,97.44,95.05,88.05,66.54,69.6,104.24,88.55,68.18,22.87,27.81,88.51,134.9,75.32,94.92,20.79,45.8,44.22,28.98,30.42,4.92,18.32,13.36,26.36,29.94,80.47,90.06,43.25,31.91,23.73,28.23,58.64,46.68,32.9
23,33.39,47.3,38.23,49.14,42.92,7.45,29.35,44.35,33.24,29.37,37.03,40.79,86.85,50.55,32.66,57.09,21.7,25.5,19.66,58.73,53.18,38.94,34.4,25.8,5.39,10.09,51.55,102.2,55.97,45.78,24.57,31.2,45.17,86.16,96.04,73.51,41.88,35.24,21.31,33.07,56.81,69.32,30.98,57.39,28.45,31.05,45.06,41.51,37.7,12.96,12.42,30.89,29.74,31.05,51.18,58.91,47.54,14.6,23.36,23.95,20.52,36.19,46.99,29.08,26.33,26.54,30.61,25.32,12.78,7.27,12.89,36.04,33.46,34.14,27.93,46.25,44.99,59.35,44.8,58.05,28.5,81.98,34.63,27.29,40.96,6.91,8.39,44.47,83.15,47.35,86.95,91.66,177.05,93.19,52.69,97.17,41.78,46.57,35.1,21.7,19.9,32.27,55.89,29.59,47.57,55.25,27.35,32.09,64.24,69.84,46.19,51.82,54.23,33.39,33.18,31.41,68.95,58.65,48.32,36.28,50.3,34.57,47.93,48.15,57.08,93.95,111.02,82.14,37.98,160.0,148.51,68.25,84.51,140.87,21.62,26.63,51.88,54.53,47.53,45.18,34.81,32.7,53.6,39.69,66.92,92.15,104.19,109.08,53.02,98.38,100.63,86.89,66.74,68.08,104.26,86.15,68.12,21.16,29.36,83.0,135.37,78.61,90.28,21.28,41.52,48.24,28.17,29.72,4.83,16.52,13.32,23.47,30.53,75.5,80.19,41.49,30.34,24.54,29.03,51.29,46.47,34.28
24,40.09,44.14,41.48,43.8,40.21,8.29,17.87,36.87,33.32,27.09,43.9,44.3,76.42,72.03,34.25,58.95,18.84,18.58,23.72,38.09,45.79,61.62,22.77,24.63,9.86,8.91,41.1,72.44,42.11,43.88,25.79,42.32,76.65,86.97,81.53,58.34,24.19,27.37,19.23,20.92,29.27,66.29,17.57,44.91,28.93,28.21,47.31,27.01,41.17,12.2,17.93,33.27,23.83,33.23,71.77,37.56,55.89,12.48,33.98,31.35,23.03,31.03,40.73,30.04,35.31,29.0,31.99,26.5,17.96,9.11,8.15,44.28,46.14,27.1,26.26,15.76,40.32,80.99,40.85,40.1,30.18,48.86,39.08,35.74,48.49,6.38,9.81,47.25,67.96,46.05,91.55,98.58,159.14,99.9,115.46,107.25,37.05,54.66,44.7,25.63,13.75,31.33,63.35,29.74,55.67,25.82,28.12,37.06,54.43,52.59,57.06,40.15,52.18,26.55,34.85,24.71,71.93,74.17,39.33,37.3,46.37,36.15,50.69,43.33,58.15,87.87,111.59,79.0,42.93,167.35,160.56,66.76,123.29,140.37,17.33,27.74,51.76,52.13,49.0,49.41,35.69,25.77,59.59,43.8,67.07,99.33,103.76,95.33,54.28,101.22,117.63,85.89,67.37,63.44,104.33,79.09,67.92,16.1,33.97,66.53,136.78,88.27,76.42,22.71,29.23,60.1,25.83,27.71,4.59,11.37,13.21,15.3,29.0,61.43,52.28,36.61,25.92,26.86,31.26,31.1,45.87,38.11
25,40.71,44.06,39.41,44.52,37.5,9.61,17.88,34.18,32.79,26.98,40.67,40.0,72.12,69.58,36.13,54.56,18.87,20.76,22.36,35.42,40.55,56.1,23.78,24.27,9.9,9.14,38.48,68.52,41.95,44.42,26.1,39.63,80.3,87.17,77.42,55.7,24.55,27.47,18.97,20.08,36.18,66.35,17.3,46.26,26.64,26.93,43.89,30.12,40.6,12.02,17.68,33.14,25.2,32.09,69.3,38.34,54.18,11.51,36.74,35.53,22.44,29.88,40.72,29.95,35.72,28.89,32.75,26.71,16.55,12.52,7.52,43.65,43.79,25.38,24.92,17.08,40.49,82.12,41.73,39.56,30.42,63.3,39.23,35.86,48.91,6.14,9.78,48.29,65.67,44.72,90.74,99.17,152.94,100.55,112.67,104.77,39.31,54.66,54.19,25.86,14.71,34.61,61.89,29.55,57.12,26.84,26.56,42.47,64.54,59.43,59.43,39.85,49.43,25.92,37.75,23.35,73.07,81.75,36.23,37.83,47.43,36.81,50.85,43.73,59.14,83.99,109.92,80.02,44.26,166.83,161.45,60.38,120.98,140.1,15.1,27.74,52.09,53.26,48.95,49.68,34.91,26.18,58.67,44.08,66.72,95.98,102.08,82.06,54.81,99.99,119.54,83.69,67.34,63.2,95.07,77.99,67.93,14.9,30.63,65.98,125.36,86.24,74.04,22.62,27.13,50.46,25.91,26.6,4.62,10.99,12.37,15.68,28.0,56.36,48.8,35.82,26.92,25.9,30.8,30.53,41.0,32.89
26,43.33,43.7,30.52,47.59,34.79,15.86,17.89,23.78,30.62,26.45,26.22,36.0,49.54,57.28,45.71,32.08,19.02,32.18,15.5,21.96,15.26,28.85,28.86,22.52,10.09,10.22,25.34,49.27,41.19,47.01,27.54,27.14,97.25,88.1,58.01,43.25,26.22,27.95,17.83,16.28,67.11,66.59,16.09,52.39,16.55,21.31,28.67,43.5,38.14,11.24,16.58,32.59,30.98,27.27,58.84,41.67,46.97,7.39,48.41,53.43,20.02,25.19,40.67,29.56,37.46,28.42,35.93,27.6,10.72,26.47,4.95,41.07,34.17,18.34,19.55,22.44,41.19,86.57,45.19,37.4,31.37,120.27,39.81,36.33,50.51,5.23,9.69,52.29,56.93,39.68,87.73,101.41,129.71,103.01,102.07,95.6,47.91,54.66,89.64,26.72,18.14,46.5,56.73,28.88,62.38,30.39,20.92,61.77,99.99,83.42,67.74,38.8,39.84,23.75,47.58,18.6,77.05,107.92,25.61,39.63,51.02,39.07,51.4,45.12,62.4,71.04,104.42,83.39,48.66,165.08,164.42,39.73,113.39,139.24,7.98,27.75,53.12,56.97,48.81,50.57,32.47,27.42,55.78,44.97,65.66,85.6,96.88,41.19,56.43,96.22,125.27,84.64,67.26,62.48,67.28,74.71,67.96,11.28,20.77,64.35,91.35,80.31,67.13,22.36,20.92,22.9,26.15,23.42,4.71,9.93,9.96,16.75,27.0,42.06,38.85,33.58,29.76,23.21,29.51,28.92,27.61,18.59
27,41.8,42.16,30.06,47.51,33.2,14.99,17.49,24.07,28.6,25.35,25.65,32.0,48.25,53.65,45.4,32.5,18.72,24.0,16.86,20.9,14.82,28.22,29.24,21.82,9.55,10.4,24.98,47.26,39.43,46.33,28.06,27.07,88.11,85.4,53.18,42.06,26.77,26.94,17.86,15.99,64.11,60.8,17.03,48.59,15.69,21.13,28.95,44.56,36.71,10.71,17.39,31.62,30.26,26.86,54.93,44.0,46.07,7.27,47.71,49.05,20.6,25.9,41.05,29.7,36.56,29.59,36.82,28.18,13.02,25.13,4.76,42.27,31.25,17.55,19.66,22.79,41.32,83.88,44.55,35.8,33.88,115.66,41.24,37.35,52.35,5.77,9.15,49.91,56.74,41.9,87.5,101.06,130.16,105.06,92.54,90.65,47.09,56.03,91.78,27.24,20.22,45.4,54.29,29.14,65.77,30.98,23.16,60.11,90.23,79.98,70.72,38.83,37.57,23.4,46.16,18.62,77.25,108.37,26.33,39.38,48.57,38.85,50.84,45.77,62.07,77.81,102.32,85.0,51.12,156.48,149.36,38.72,105.27,129.23,8.71,26.66,55.13,58.28,50.67,50.26,33.83,28.53,55.03,44.47,67.65,85.8,93.26,37.65,56.55,94.48,122.07,82.72,62.85,58.73,64.76,70.09,68.12,10.99,22.05,61.38,97.8,73.27,67.03,21.03,19.92,21.14,24.73,21.15,5.09,9.41,9.19,15.51,26.0,40.63,36.38,34.49,24.21,26.55,29.4,28.17,26.34,21.02
28,34.99,35.55,28.08,47.16,32.08,14.6,15.64,25.22,20.36,20.56,23.11,29.22,41.6,35.01,43.83,34.65,17.22,15.92,23.68,15.68,12.58,25.08,31.08,18.46,7.0,11.29,23.23,37.56,31.08,43.08,30.47,26.72,44.76,72.82,31.24,36.65,29.36,22.24,17.99,14.65,50.5,33.94,21.3,31.67,11.84,20.33,30.16,49.19,30.4,8.45,20.86,27.48,27.16,25.06,38.37,53.96,42.2,6.79,44.79,30.84,23.02,28.78,42.68,30.34,32.8,34.43,40.47,30.56,22.41,19.63,3.98,47.09,19.13,14.27,20.1,24.2,41.83,73.13,42.07,29.64,43.6,97.54,46.9,41.25,59.57,7.86,7.08,40.89,56.0,50.34,86.67,99.8,131.88,112.73,74.0,72.16,44.09,61.05,99.61,29.11,28.0,41.42,45.47,30.08,77.87,33.1,31.12,54.09,55.58,67.95,81.17,38.93,29.75,22.2,41.13,18.68,77.96,109.9,28.72,38.51,40.0,38.1,48.94,47.95,61.0,99.99,95.27,90.35,59.19,128.2,100.74,35.45,78.66,97.44,11.05,23.17,61.52,62.44,56.49,49.3,38.08,31.99,52.68,42.88,73.86,86.41,82.07,26.7,56.89,89.2,112.16,76.87,49.61,47.3,57.34,56.24,68.58,10.1,25.9,52.62,116.5,52.21,66.74,17.13,17.04,15.96,20.62,14.65,6.17,7.97,6.97,12.0,24.91,36.6,29.41,37.02,8.49,35.83,29.09,26.1,22.82,27.69
29,34.53,35.15,27.65,49.14,34.95,14.3,16.03,24.22,19.01,19.33,22.88,28.58,41.72,35.45,42.89,32.7,16.5,16.54,24.87,15.17,12.42,24.95,30.48,19.75,6.79,10.92,23.05,36.27,28.83,42.49,30.8,26.26,48.71,73.96,31.51,33.62,27.49,22.37,17.52,13.83,46.58,35.22,20.98,31.24,11.73,20.91,30.8,52.76,29.35,8.39,21.11,26.34,25.17,24.14,38.91,50.46,46.65,7.35,42.17,31.43,24.26,26.56,42.49,30.85,32.33,34.27,40.78,33.27,23.21,20.76,6.47,45.87,17.65,16.33,19.67,24.66,41.77,68.03,43.09,29.63,41.85,92.74,47.6,41.33,59.32,8.53,7.52,38.02,53.49,50.41,86.76,101.15,131.48,111.73,56.65,70.74,45.9,61.87,89.88,29.63,31.44,42.52,42.8,31.21,79.29,45.83,31.9,49.44,54.52,66.21,79.45,38.49,29.39,21.86,35.93,19.4,75.98,100.19,28.96,37.31,41.08,38.93,48.35,49.99,60.94,95.82,90.98,82.37,65.18,123.98,92.59,34.59,74.83,95.8,11.23,24.43,60.5,59.08,54.69,47.54,37.82,30.3,52.3,44.37,74.19,86.03,79.26,24.23,56.38,86.98,111.3,76.09,49.58,47.06,55.25,55.83,65.81,10.61,24.96,48.81,113.61,49.03,64.45,17.22,18.26,16.98,21.11,14.62,7.47,7.93,6.38,14.16,25.26,36.75,28.7,37.05,9.02,34.17,30.97,25.4,21.43,25.1
30,32.52,33.43,25.8,57.68,37.81,14.0,17.91,20.19,13.36,13.93,21.84,25.25,42.28,37.66,38.06,22.67,12.84,19.68,30.73,12.65,11.58,24.26,27.45,26.2,5.77,9.09,22.18,30.16,18.03,39.65,32.35,24.14,67.05,79.14,32.81,19.54,18.84,23.01,15.42,10.1,29.09,41.02,19.54,29.3,11.25,23.57,33.61,68.45,24.82,8.14,22.22,21.44,16.62,20.21,41.29,35.42,65.52,9.7,31.47,33.86,29.51,17.49,41.68,33.03,30.39,33.58,42.08,44.74,26.56,25.38,16.64,40.92,11.59,24.73,17.92,26.47,41.55,47.63,47.18,29.57,34.92,73.88,50.38,41.65,58.36,11.15,9.16,26.94,43.96,50.69,87.09,106.22,129.99,108.01,55.49,65.36,52.56,64.93,53.53,31.54,43.91,46.5,33.11,35.34,84.36,91.17,34.7,32.93,50.8,60.03,73.54,36.92,28.11,20.71,17.97,21.91,69.25,66.7,29.8,33.31,44.78,41.79,46.35,56.79,60.75,81.94,76.9,56.14,85.45,109.99,80.0,31.81,62.28,90.43,11.8,28.47,57.25,48.51,48.93,41.84,36.98,25.01,51.09,49.0,75.22,84.86,70.74,16.61,54.83,80.25,108.67,73.71,49.48,46.34,48.9,54.61,57.41,12.1,22.21,37.46,105.09,39.68,57.82,17.49,21.76,19.94,22.52,14.55,11.13,7.81,4.67,20.32,26.26,37.16,26.7,37.15,10.48,29.42,36.22,23.47,17.57,17.9
31,32.88,32.55,28.35,59.54,41.82,13.7,17.51,20.04,15.2,13.75,21.63,26.21,41.57,37.4,38.01,23.0,12.63,19.95,30.37,13.26,11.9,23.76,27.29,26.86,5.84,9.31,21.16,29.76,18.48,37.38,32.15,23.3,71.68,79.45,32.48,20.47,19.91,22.45,15.62,9.27,28.89,41.31,20.03,27.94,12.14,22.12,32.59,67.72,24.9,8.57,22.43,21.77,16.2,20.38,40.61,33.86,60.15,10.05,29.73,33.59,31.56,17.68,40.55,34.49,32.17,34.79,42.88,43.16,27.34,24.23,17.79,41.24,11.24,23.05,16.38,25.02,39.87,49.22,47.09,31.26,35.9,74.53,49.59,43.11,56.7,11.1,9.08,26.6,43.22,52.21,87.19,105.08,129.05,109.26,56.23,67.58,52.94,68.9,59.84,32.91,42.33,49.11,31.33,36.28,84.52,88.95,31.96,30.47,49.52,59.17,68.56,35.09,29.11,20.98,18.16,22.02,65.43,67.51,30.51,32.93,44.62,42.98,47.43,57.3,61.65,79.73,75.17,49.11,85.99,103.91,68.0,33.36,62.5,86.43,11.46,29.33,56.09,48.47,48.46,42.48,36.45,26.0,50.73,48.03,74.66,84.29,70.2,17.33,54.66,80.12,107.39,75.14,47.82,48.84,45.9,54.47,58.32,13.63,22.38,36.37,102.75,40.16,56.24,19.48,21.1,18.92,23.66,16.23,11.95,8.54,5.41,20.14,25.4,32.65,26.45,34.64,11.12,31.44,34.93,23.29,17.54,17.94
32,34.41,28.69,39.12,67.69,45.84,13.4,15.62,19.44,22.84,12.93,20.7,31.33,37.78,37.27,37.75,24.67,11.53,21.31,28.55,16.3,13.42,21.26,26.5,30.08,6.18,10.38,16.17,27.84,20.67,26.61,31.23,19.25,93.23,80.96,30.89,24.89,24.79,19.98,16.49,5.59,27.92,42.59,22.29,21.75,16.08,15.75,28.08,64.57,25.25,10.44,23.36,23.18,14.42,21.11,37.7,27.23,37.84,11.51,22.34,32.43,39.94,18.46,35.76,40.58,39.57,39.78,46.25,36.61,30.59,19.57,22.56,42.52,9.82,16.23,10.28,19.07,33.16,55.58,46.74,38.01,39.83,77.06,46.53,48.67,50.29,10.89,8.77,25.3,40.42,57.99,87.56,100.84,125.46,113.95,59.04,75.76,54.36,83.46,83.08,37.92,36.64,58.56,24.89,39.62,85.1,81.21,22.19,21.68,44.96,56.14,50.83,28.76,32.6,21.92,18.83,22.41,52.08,70.26,32.91,31.62,44.08,47.07,51.08,59.01,64.65,72.34,69.44,25.7,87.75,84.05,55.0,38.36,63.22,73.3,10.37,32.05,52.38,48.32,46.98,44.54,34.75,29.09,49.58,45.04,72.92,82.55,68.52,19.54,54.15,79.75,103.58,79.57,42.76,56.46,36.92,54.02,60.99,18.25,22.9,33.16,95.84,41.55,51.63,25.29,19.15,15.95,26.95,21.05,14.32,10.6,7.53,19.61,22.93,19.9,25.76,27.54,12.92,37.14,31.37,22.77,17.48,18.07
33,33.43,28.84,39.26,68.07,46.0,13.1,16.79,20.07,22.25,12.78,20.21,31.4,39.51,37.01,38.4,25.07,11.65,22.65,30.01,17.16,13.15,21.68,26.2,28.78,6.06,10.58,16.75,28.39,21.67,25.8,32.05,19.61,92.11,80.56,30.4,24.41,24.72,21.1,16.94,5.62,27.4,38.48,22.29,21.48,16.28,26.74,32.45,66.79,25.53,12.08,23.89,23.51,17.11,19.02,39.1,26.2,39.63,11.88,22.12,34.82,40.93,19.16,36.13,39.94,38.78,39.58,47.16,36.44,29.4,20.4,22.39,44.04,9.87,17.71,11.51,19.55,32.89,55.52,47.08,38.31,39.93,74.17,46.46,48.98,50.86,10.5,7.78,24.45,41.37,57.73,87.63,101.99,129.53,114.31,61.38,73.46,53.94,84.95,82.39,39.69,34.55,56.45,25.15,39.86,86.89,78.85,21.34,21.19,45.42,55.38,45.17,29.17,31.73,22.92,21.13,22.95,51.35,76.01,31.93,32.37,45.0,46.22,52.2,58.77,65.4,69.23,69.3,28.88,87.24,83.1,42.33,38.42,61.76,67.89,11.08,31.97,52.1,47.85,47.11,47.73,36.53,29.43,49.55,44.52,72.52,82.49,69.69,20.28,52.3,79.8,104.11,77.9,42.73,56.61,38.07,52.41,61.42,17.88,22.08,33.6,87.57,43.12,52.52,26.21,18.18,17.56,26.86,20.46,16.07,10.32,8.2,18.84,22.57,19.74,25.19,25.69,13.09,37.48,31.8,23.03,17.08,17.73
34,29.25,29.48,39.88,69.72,45.95,12.8,22.29,22.48,19.87,12.09,18.01,31.76,48.36,35.67,41.64,27.08,12.23,29.23,37.47,21.48,11.8,23.76,24.78,22.36,5.53,11.56,19.57,31.03,26.46,22.06,35.95,21.37,86.8,78.66,28.16,22.18,24.39,26.28,19.02,5.78,25.06,19.39,22.29,20.28,17.19,75.76,52.16,76.41,26.78,19.12,26.15,24.95,28.69,10.17,45.02,21.87,47.34,13.46,21.19,44.91,45.03,22.04,37.67,37.18,35.51,38.75,50.97,35.75,24.43,23.82,21.7,50.14,10.09,23.87,16.48,21.49,31.8,55.28,48.43,39.48,40.34,62.8,46.21,50.17,53.08,9.04,4.03,21.19,45.03,56.77,87.91,106.22,144.71,115.65,70.08,64.84,52.36,90.51,79.89,46.07,26.86,48.83,26.11,40.73,93.24,70.31,18.32,19.44,47.08,52.75,25.31,30.59,28.74,26.37,29.05,24.83,48.83,95.82,28.64,34.89,48.12,43.41,56.02,57.98,67.92,59.05,68.81,39.63,85.59,79.9,34.51,38.6,56.92,50.7,13.38,31.72,51.25,46.35,47.51,57.89,42.08,30.47,49.42,42.89,71.24,82.33,73.35,22.56,46.6,79.97,105.75,72.83,42.64,57.07,41.46,47.6,62.71,16.79,19.64,34.95,63.49,47.77,55.15,28.88,15.31,22.2,26.61,18.78,21.14,9.52,10.12,16.64,21.55,19.3,23.57,20.54,13.59,38.44,32.99,23.72,15.95,16.8
35,30.04,29.03,40.13,69.52,43.0,12.5,22.32,21.12,20.7,12.3,18.78,31.75,49.04,35.44,42.09,27.59,13.13,28.44,37.93,20.58,11.53,24.45,24.78,23.94,5.2,11.39,19.91,30.14,26.07,25.02,37.37,28.32,85.57,79.35,32.15,33.48,24.64,27.24,17.47,7.82,29.68,21.19,23.41,22.58,23.21,77.87,48.73,76.86,28.05,20.88,25.94,24.73,30.62,12.31,45.91,25.27,46.47,15.06,21.64,46.27,45.18,22.39,37.5,38.07,36.66,38.46,51.05,35.87,25.48,22.38,23.54,51.62,12.0,22.37,16.36,21.73,33.28,56.33,49.48,40.76,40.06,59.72,45.58,48.85,53.05,9.07,4.81,22.74,44.7,57.84,91.07,108.01,148.61,112.87,69.7,66.83,50.79,97.53,76.89,42.53,26.41,47.49,25.46,39.74,90.24,72.97,18.31,22.63,49.62,62.1,24.06,29.2,27.54,25.11,28.22,26.64,49.76,87.89,29.26,35.6,48.31,42.48,54.11,58.56,67.91,58.55,69.48,48.73,86.31,87.41,35.0,40.78,59.61,51.41,13.83,31.44,51.77,46.75,48.64,57.83,42.32,29.65,50.98,42.18,71.42,82.63,73.7,23.96,45.38,78.3,104.13,71.46,41.51,59.14,43.09,48.13,60.2,18.73,20.79,36.83,58.67,49.54,50.67,27.76,15.92,22.43,27.48,18.0,20.8,9.14,10.44,14.84,22.36,17.74,22.95,19.88,14.47,37.58,35.46,22.85,15.15,17.89
36,33.5,27.08,41.22,68.69,39.56,12.2,22.48,15.77,24.06,13.17,22.21,31.7,52.52,34.22,44.41,30.1,17.76,24.58,40.27,16.05,10.19,27.77,24.75,31.7,3.57,10.58,21.58,25.88,24.19,39.08,44.09,61.16,79.73,82.53,50.98,84.89,25.81,31.63,10.42,17.14,50.72,29.25,28.3,32.86,50.06,87.3,33.43,78.87,33.49,28.27,25.02,23.76,38.94,21.55,49.66,39.69,42.75,21.7,23.47,51.91,45.8,23.85,36.77,41.89,41.47,37.24,51.38,36.41,29.9,16.42,31.08,57.67,19.76,16.36,15.88,22.69,39.18,60.55,53.64,45.94,39.0,47.62,43.13,43.75,52.9,9.21,7.77,28.74,43.44,61.88,102.92,114.8,163.67,102.44,68.32,74.29,45.05,123.76,65.87,29.36,24.78,42.61,23.11,36.18,79.75,82.57,18.27,33.92,58.53,95.32,19.77,24.33,23.42,20.78,25.37,32.88,52.92,60.95,31.38,37.97,48.92,39.35,47.75,60.47,67.9,56.9,71.68,78.67,88.73,112.44,36.63,47.82,68.29,53.73,15.28,30.54,53.45,48.04,52.23,57.63,43.05,27.05,55.92,39.96,71.98,83.58,74.78,28.37,41.54,73.13,99.14,67.24,38.08,65.44,48.07,49.7,52.71,24.59,24.17,42.42,44.21,54.66,37.61,24.47,17.68,23.09,30.03,15.75,19.84,8.07,11.37,9.68,24.67,13.32,21.2,18.02,16.95,35.19,42.41,20.42,12.94,20.88
37,33.34,27.94,40.62,68.39,38.94,11.9,24.89,18.18,25.42,15.77,24.56,34.07,53.58,37.95,45.42,31.06,17.99,24.99,39.36,17.75,10.49,30.22,27.27,31.1,3.67,11.88,23.2,28.45,27.09,40.11,44.57,61.47,77.79,85.74,59.05,80.15,28.0,33.81,11.92,16.11,53.83,31.12,29.13,35.08,48.21,82.9,34.7,79.29,34.55,27.06,25.12,23.78,39.45,23.89,56.13,41.6,42.03,23.22,22.74,53.07,41.53,23.28,34.18,41.53,40.9,38.3,50.8,35.89,29.74,17.9,31.31,55.99,23.03,16.4,16.86,22.94,42.25,58.87,53.21,45.84,38.68,47.82,43.39,45.17,53.35,9.86,8.55,32.3,47.61,60.78,103.33,114.09,163.65,107.42,68.55,70.6,48.15,124.17,60.83,29.48,24.23,42.4,24.43,36.83,77.73,77.72,20.3,45.25,70.87,95.4,20.73,24.53,26.11,23.57,33.25,33.22,53.12,52.94,31.43,38.04,50.89,42.46,48.3,60.51,67.74,61.03,77.63,90.46,99.6,112.44,40.4,51.76,72.37,64.53,17.08,30.01,51.45,46.95,54.28,57.39,43.03,30.05,56.91,41.18,70.8,85.37,77.76,30.21,43.24,73.7,99.28,67.96,38.96,67.44,50.31,49.16,50.82,22.88,24.17,43.53,47.85,56.46,37.26,25.95,17.94,24.17,29.15,16.02,19.7,8.35,11.72,12.5,24.31,15.6,23.57,19.71,25.27,37.27,42.83,20.62,13.76,21.77
38,32.67,31.71,38.12,67.06,35.93,11.5,34.32,27.97,31.43,27.46,35.27,46.52,59.02,57.1,50.75,35.95,19.1,27.09,34.84,26.26,11.9,42.3,39.94,28.17,4.12,18.17,31.18,40.86,41.38,45.04,46.85,62.95,69.0,101.22,96.59,58.21,37.98,43.55,18.75,11.51,67.78,39.46,32.86,45.05,40.14,63.25,40.25,81.13,39.12,21.75,25.58,23.84,41.61,33.97,83.85,49.7,38.97,29.68,19.66,58.07,24.08,20.91,23.19,40.01,38.43,42.73,48.35,33.74,29.09,23.94,32.26,49.11,36.33,16.58,20.71,23.98,54.75,52.24,51.5,45.42,37.42,48.59,44.41,50.57,55.11,12.41,11.65,45.88,63.42,56.61,104.9,111.41,163.58,126.31,69.4,56.8,59.93,125.65,42.25,29.92,22.2,41.61,29.25,39.14,70.41,60.5,27.62,85.46,114.14,95.67,24.14,25.21,35.37,33.33,59.92,34.39,53.82,25.82,31.62,38.25,57.46,53.15,50.17,60.64,67.22,74.84,97.44,129.24,135.37,126.0,52.81,64.7,85.57,99.52,22.79,28.33,45.07,43.46,60.71,56.64,42.96,39.44,60.0,44.94,67.13,90.91,87.12,35.99,48.49,75.44,99.71,70.16,41.69,73.52,57.12,47.56,45.14,17.75,24.16,46.75,58.63,61.76,36.23,30.26,18.69,27.25,26.61,16.81,19.28,9.17,12.75,20.55,23.28,22.06,30.36,24.48,48.69,43.08,43.98,21.17,16.02,24.18
39,32.74,33.45,39.84,68.47,32.67,11.17,34.44,30.08,32.9,29.76,40.16,47.74,59.08,57.16,50.41,36.88,17.49,28.56,35.2,30.18,13.61,42.5,39.46,27.11,4.4,19.03,33.14,43.13,43.05,46.36,47.92,61.1,68.34,100.64,94.64,57.87,39.18,42.64,18.51,12.85,68.02,39.12,34.8,42.28,38.39,63.21,41.51,79.18,38.42,23.4,25.64,22.65,40.58,36.63,80.03,50.71,36.28,31.3,20.44,57.01,25.38,21.68,24.12,37.68,38.03,43.05,46.7,32.93,27.38,28.86,33.46,45.6,38.32,16.74,19.44,23.51,56.62,50.94,51.94,44.2,36.04,46.4,43.75,49.35,54.79,12.05,11.15,49.66,65.88,57.12,106.0,112.94,150.3,121.87,69.94,53.93,58.56,131.35,41.25,30.33,21.81,44.0,27.64,41.42,70.49,56.78,34.31,82.6,113.25,88.31,24.3,32.32,36.19,31.66,57.39,33.63,54.59,29.75,31.86,40.96,56.99,52.79,50.43,60.53,67.34,76.76,102.63,120.21,135.08,141.0,65.24,74.05,91.72,105.64,22.14,29.37,42.49,40.94,59.43,57.51,42.82,40.96,57.88,43.28,66.47,95.51,89.18,35.96,50.46,76.56,98.52,70.13,42.41,70.62,61.68,52.53,42.1,19.23,26.58,48.55,61.21,64.98,38.46,30.01,17.28,27.02,25.99,18.6,19.38,8.81,13.83,20.83,28.79,24.29,34.93,30.65,48.91,43.91,45.51,24.08,17.01,28.16
40,33.05,40.95,47.11,74.55,17.2,11.01,34.95,38.72,39.35,40.02,62.03,54.02,59.38,57.48,48.72,41.6,9.45,35.8,37.02,49.49,22.08,43.48,37.09,21.88,5.72,23.21,42.57,54.12,51.0,52.49,53.1,52.32,65.21,97.91,85.56,56.31,44.66,38.35,17.42,19.04,69.09,37.58,43.51,30.17,30.58,63.05,47.1,70.58,35.28,30.47,25.9,17.5,36.12,47.85,63.9,55.08,25.1,38.13,23.71,52.55,30.81,24.87,28.06,27.97,36.34,44.4,39.88,29.61,20.29,49.24,38.35,31.52,46.44,17.41,14.37,21.64,64.11,45.82,53.66,39.48,30.69,37.7,41.15,44.64,53.55,10.67,9.2,64.24,75.28,59.03,110.18,118.67,100.56,105.27,71.94,43.22,53.43,152.63,37.49,31.88,20.41,52.6,21.84,49.67,70.78,43.37,58.04,72.58,110.09,62.6,24.85,57.25,39.01,25.89,48.67,31.07,57.23,43.3,32.67,50.25,55.42,51.55,51.32,60.16,67.74,83.2,119.9,89.66,134.14,155.46,106.12,104.33,111.59,125.08,20.07,32.75,34.29,32.91,55.37,60.21,42.37,45.78,51.35,38.07,64.38,109.71,95.6,35.87,56.52,80.02,94.86,70.05,44.61,61.82,75.32,67.45,33.1,23.62,33.73,53.94,68.7,74.49,45.08,29.29,13.12,26.39,24.22,23.86,19.66,7.76,16.93,21.62,44.53,30.58,47.84,48.03,49.54,46.22,49.9,32.2,19.75,39.1
41,34.0,39.42,46.68,73.78,16.06,11.1,35.27,38.05,40.01,40.32,60.19,54.67,58.55,57.28,47.98,42.26,9.54,36.43,36.09,48.94,24.11,43.55,36.62,20.34,5.72,23.78,40.01,54.39,53.03,50.57,53.22,54.02,70.13,97.04,81.69,53.51,44.11,37.88,17.27,19.81,65.48,37.37,41.9,28.97,30.32,60.81,46.39,68.59,35.57,30.76,26.39,16.64,34.88,49.08,62.48,54.14,25.28,39.19,24.09,49.14,30.73,25.84,27.34,27.7,35.79,44.67,39.03,29.39,20.5,43.78,42.1,29.83,48.26,17.63,14.3,21.64,63.26,47.1,53.13,38.04,29.6,36.18,40.22,45.32,54.35,9.97,9.18,62.95,80.16,58.79,110.18,119.06,102.46,105.61,69.69,42.0,52.23,145.44,37.38,31.77,21.15,53.69,23.18,45.34,73.74,39.94,55.66,70.39,102.54,60.49,23.57,54.79,43.58,24.77,53.22,31.89,59.47,48.48,32.99,50.53,52.73,50.59,50.61,60.68,64.88,85.73,115.32,89.49,127.23,139.48,103.97,102.68,113.09,123.46,22.01,32.65,36.27,34.21,54.16,60.7,42.01,46.47,52.89,37.97,64.12,109.44,101.58,36.95,58.84,82.18,98.22,68.6,44.01,60.61,73.62,70.53,32.7,22.8,38.5,60.17,70.94,78.46,47.88,29.06,14.34,26.65,22.22,26.7,17.8,8.51,16.88,24.6,47.75,35.5,52.73,47.95,49.46,46.89,49.73,35.06,23.75,43.13
42,38.17,32.81,44.8,70.49,10.58,11.6,36.52,35.22,42.96,41.71,51.66,58.01,54.38,56.22,44.22,45.58,10.0,39.58,31.43,46.13,34.12,43.87,34.28,12.92,5.74,26.53,27.42,55.65,62.64,41.15,53.77,62.22,93.01,93.0,63.41,40.75,41.53,35.73,16.61,23.38,48.96,36.42,34.82,23.49,29.14,50.97,43.22,59.85,36.84,31.99,28.57,12.86,29.51,54.38,58.0,50.18,26.03,43.57,25.67,35.28,30.41,29.98,24.26,26.55,33.51,45.83,35.46,28.44,21.37,21.14,57.42,23.05,55.55,18.55,14.04,21.61,59.89,52.27,50.98,32.35,25.39,30.28,36.54,47.95,57.43,7.29,9.12,58.07,98.76,57.89,110.18,120.56,109.71,106.88,61.12,37.52,47.8,118.58,36.98,31.4,23.87,57.7,27.97,29.69,84.27,27.74,47.21,62.5,75.75,52.97,19.08,46.15,59.55,20.92,68.9,34.74,67.07,66.27,34.11,51.47,43.57,47.4,48.25,62.42,55.33,94.28,100.08,88.92,104.24,86.91,96.88,97.35,117.91,118.2,28.2,32.35,42.75,38.36,50.33,62.28,40.91,48.65,57.74,37.65,63.31,108.58,119.99,40.38,66.01,88.75,108.58,64.29,42.17,56.96,68.4,79.59,31.49,20.38,52.82,78.59,77.57,89.99,56.04,28.37,17.88,27.42,16.33,34.83,12.47,10.66,16.75,33.1,56.86,49.59,66.52,47.75,49.23,48.75,49.26,42.99,34.7,54.21
43,38.67,32.33,44.7,69.6,10.14,11.92,35.91,34.74,43.26,39.66,50.59,56.99,53.86,55.42,43.76,44.93,9.77,35.52,30.86,43.91,31.99,42.34,34.78,14.26,5.54,26.04,28.4,54.37,61.12,41.68,53.51,59.3,88.21,94.24,59.97,41.44,43.65,36.48,15.8,23.9,46.53,37.45,34.49,23.57,28.19,49.34,43.95,58.81,37.18,32.52,28.41,13.04,30.02,52.11,54.0,49.41,24.68,42.63,26.07,35.13,31.71,30.84,25.85,27.11,34.24,46.66,34.78,28.07,21.45,20.41,57.91,30.14,55.12,16.46,13.4,21.64,60.75,52.02,49.1,31.88,25.68,30.09,37.35,47.49,54.8,7.65,9.64,58.72,96.61,57.79,115.04,123.5,107.3,105.35,61.86,36.79,48.81,126.63,35.03,31.19,24.43,55.71,30.44,30.62,84.99,28.27,47.86,59.04,70.45,57.16,21.07,46.41,56.63,27.27,70.71,35.29,68.22,56.54,33.72,52.35,41.37,46.54,49.57,64.08,55.89,91.55,97.8,85.33,103.05,77.52,95.86,92.15,111.15,116.37,26.85,33.14,41.92,40.51,50.55,60.53,40.08,47.69,57.76,36.65,64.91,107.81,114.7,42.81,66.29,90.59,108.34,65.44,42.23,57.5,70.74,81.1,29.23,20.52,54.56,79.48,79.89,90.4,57.16,29.35,18.45,27.29,15.54,30.89,13.34,11.05,17.86,37.85,55.86,47.23,63.06,44.85,51.71,49.03,50.05,42.92,35.42,51.6
44,40.77,30.26,44.26,65.75,8.09,13.41,33.48,32.72,44.61,30.46,45.72,51.73,51.2,51.42,41.41,41.67,8.6,15.19,28.0,32.94,21.65,34.79,37.23,20.85,4.6,23.67,33.01,48.17,53.81,44.21,52.31,45.74,65.9,99.99,44.05,44.63,53.34,39.91,12.06,26.28,35.65,41.92,33.01,23.92,23.92,42.05,47.16,54.32,38.65,34.83,27.72,13.82,32.2,42.38,50.0,46.16,19.0,38.59,27.75,34.46,37.09,34.5,32.44,29.51,37.25,50.12,31.93,26.56,21.79,17.36,59.92,59.11,53.37,7.97,10.8,21.77,64.16,51.03,41.67,30.02,26.87,29.35,40.51,45.73,44.46,9.04,11.63,61.26,88.42,57.41,133.48,134.52,98.29,99.61,64.65,34.09,52.58,156.69,27.73,30.45,26.5,48.5,39.33,33.96,87.58,30.16,50.23,46.96,51.65,72.02,28.12,47.34,46.26,49.43,76.85,37.19,72.22,23.09,32.39,55.4,34.04,43.61,54.01,69.67,57.75,82.3,90.16,73.52,99.14,47.21,92.51,75.11,89.64,110.46,22.47,35.66,39.28,47.47,51.24,55.04,37.41,44.69,57.83,33.58,69.84,105.46,98.39,50.41,67.14,96.31,107.63,69.04,42.42,59.12,77.85,85.68,22.56,20.96,59.67,82.07,86.75,91.59,60.46,32.25,20.15,26.91,13.25,19.58,15.85,12.17,21.08,51.28,53.01,40.46,53.32,36.8,58.72,49.84,52.22,42.72,37.41,44.55
45,39.74,30.63,42.79,65.84,7.68,13.41,34.48,34.46,43.5,30.27,44.82,51.64,51.12,52.91,41.35,40.94,8.22,14.71,28.14,32.61,21.22,33.98,35.99,19.74,4.63,23.52,32.6,46.58,53.12,44.62,52.44,43.17,67.71,99.99,45.49,40.84,51.95,39.07,11.83,24.86,34.67,38.44,34.28,25.25,23.46,41.78,46.37,51.61,40.25,34.94,28.24,13.87,31.05,41.99,46.0,45.24,18.09,38.47,25.14,33.93,36.3,34.76,31.9,29.44,35.83,51.01,30.65,26.97,20.38,16.62,58.19,57.92,52.86,9.58,11.93,20.72,62.4,51.49,41.84,31.14,28.22,29.69,39.95,45.26,41.99,9.33,11.2,59.43,88.42,57.49,131.75,136.01,98.81,99.61,61.26,34.13,51.9,143.74,27.85,29.79,25.37,49.12,37.81,32.16,85.32,32.65,46.33,43.86,47.78,69.4,28.81,45.75,47.98,49.01,71.96,37.21,72.77,24.55,34.81,54.63,34.59,46.28,52.06,65.73,57.61,82.03,87.91,73.65,96.2,44.77,89.48,72.4,86.02,108.55,22.38,36.58,37.29,49.47,46.95,54.42,36.98,42.24,57.83,34.14,69.84,104.49,97.5,49.11,67.74,96.66,109.32,67.98,42.26,60.85,80.26,85.44,22.69,27.59,57.77,78.48,83.86,88.13,58.99,30.86,23.06,26.79,14.09,17.11,15.86,12.28,20.96,50.26,49.43,42.31,50.33,37.87,56.71,50.41,54.17,40.97,36.12,42.89
46,35.3,32.19,36.45,66.25,5.72,13.41,38.41,41.55,38.63,29.45,40.76,51.18,50.69,60.59,41.08,37.22,6.32,12.28,28.8,30.99,19.07,29.99,29.89,14.35,4.81,22.8,30.62,38.9,49.82,46.53,53.03,31.07,76.29,99.99,52.18,23.23,45.59,35.25,10.84,18.48,30.18,22.54,39.99,31.17,21.44,40.62,42.83,39.72,47.36,35.4,30.51,14.07,26.13,40.38,42.95,41.34,14.33,37.93,14.28,31.67,32.99,35.86,29.61,29.17,29.92,54.64,25.31,28.64,14.58,13.58,51.14,53.12,50.79,16.02,16.47,16.5,55.27,53.3,42.48,35.48,33.44,31.04,37.73,43.4,32.41,10.4,9.5,52.44,88.45,57.82,125.27,141.59,100.74,99.61,48.62,34.25,49.4,96.97,28.31,27.4,21.29,51.41,32.31,25.65,77.29,41.61,32.49,32.98,33.99,60.24,31.22,40.11,53.96,47.57,54.8,37.28,74.67,29.57,43.0,51.99,36.5,55.18,45.53,52.55,57.11,81.11,80.42,74.08,86.46,36.75,79.56,63.63,74.29,102.35,22.1,39.54,30.94,55.91,33.3,52.49,35.64,34.34,57.82,35.9,69.86,101.5,94.68,45.14,69.58,97.73,114.42,64.73,41.79,66.14,87.45,84.72,23.09,47.11,52.16,67.77,75.32,77.77,54.63,26.83,31.61,26.46,16.51,10.03,15.89,12.58,20.65,47.35,39.29,47.51,41.87,40.85,51.06,52.0,59.75,36.18,32.59,38.28
47,37.08,31.32,35.17,64.73,5.79,12.81,38.75,40.26,37.83,29.07,39.65,50.96,49.26,60.71,41.33,38.31,6.27,11.75,30.24,30.38,18.63,30.02,29.72,14.21,4.81,22.69,30.23,38.13,48.77,43.92,52.25,31.44,74.25,101.93,49.82,22.47,44.89,34.26,10.83,20.81,29.54,22.36,38.68,38.96,20.35,39.38,41.7,39.71,46.88,33.61,31.33,13.93,25.63,39.41,41.73,40.95,14.12,36.51,14.58,32.02,33.23,35.28,30.73,29.54,28.85,53.48,25.58,28.29,17.0,16.14,50.4,50.57,48.64,17.95,15.22,16.63,53.69,54.77,44.3,33.76,33.04,30.6,37.32,43.95,32.15,10.23,9.4,51.44,90.73,59.05,127.31,138.41,101.82,99.48,47.21,33.32,47.68,99.15,28.18,25.99,22.16,52.65,30.36,25.77,76.03,38.0,32.18,32.54,45.75,58.01,28.8,39.96,49.1,49.39,46.58,37.55,72.97,28.27,43.87,51.23,38.02,54.8,44.93,52.61,58.41,78.52,77.28,71.81,79.26,36.37,75.9,62.31,72.26,98.69,21.79,39.97,31.51,54.06,33.31,52.61,35.46,34.98,57.98,37.84,71.75,97.83,94.04,44.85,70.23,98.8,113.85,63.35,40.22,64.28,89.55,81.25,21.61,46.03,52.51,65.39,73.32,75.9,51.68,26.68,32.49,31.91,16.41,10.15,14.58,13.22,20.17,45.61,38.85,47.47,41.75,40.86,50.48,50.34,58.84,34.69,32.51,38.5
48,44.82,27.57,29.54,58.18,6.12,9.92,40.09,34.8,34.36,27.31,34.53,49.84,42.09,61.36,42.54,43.93,6.03,9.02,37.6,27.38,16.42,30.17,28.91,13.56,4.83,22.17,28.29,34.48,43.91,31.53,48.5,33.24,64.77,111.12,38.83,18.93,41.65,29.69,10.81,31.59,26.56,21.56,32.86,74.36,15.55,33.72,36.65,39.7,44.8,26.05,34.9,13.31,23.43,35.24,36.58,39.31,13.26,30.57,15.76,33.45,34.23,32.75,35.48,31.08,24.41,48.58,26.69,26.82,27.0,26.78,47.36,40.3,40.01,25.76,10.16,17.12,47.44,60.63,51.58,26.74,31.47,28.89,35.74,46.11,31.18,9.59,9.03,47.57,99.42,63.71,135.09,126.12,105.93,98.95,41.85,29.92,41.29,107.16,27.72,20.79,25.28,57.13,23.22,26.19,71.53,24.93,31.08,30.96,87.5,49.95,20.34,39.42,31.85,55.64,18.2,38.5,67.22,23.88,46.87,48.66,43.19,53.54,42.89,52.8,62.81,69.75,66.82,64.32,55.74,35.08,63.89,57.98,65.7,86.68,20.76,41.35,33.35,48.21,33.32,52.99,34.9,36.98,58.49,43.84,77.6,86.22,92.06,43.92,72.24,102.07,112.07,59.18,35.38,58.69,96.03,70.91,17.17,42.84,53.53,58.28,67.36,70.39,42.99,26.25,35.04,47.55,16.12,10.52,10.8,15.08,18.81,40.72,37.6,47.36,41.43,40.9,48.88,45.79,56.28,30.55,32.32,39.1
